"fips","Name","pov_perc_all","pov_perc_under_18","pov_perc_under_5","Alcohol_Abuse","Autism_Spectrum_Disorders","Depression","Drug_Abuse_Substance_Abuse","Schizophrenia_Other_Psychotic_Disorders","total_pop","total_jail_pop","total_jail_pretrial","unemployment","County","X2020.Total.Population","X2020.LCDC.Total","Ratio.of.LCDCs.to.100.000.Population","X2020.LCSW.Total","Ratio.of.LCSWs.to.100.000.Population","X2020.LPC.Total","Ratio.of.LPCs.to.100.000.Population","X2020.LBSW.Total","Ratio.of.LBSWs.to.100.000.Population","X2020.LMSW.Total","Ratio.of.LMSWs.to.100.000.Population","X2020.Primary.Care.Physician.Total","Ratio.of.Primary.Care.Physicians.to.100.000.Population","MSA_type","Central_Outlying","CBSA.Code","CBSA.Title","CBSA.level","RUCC_2013","State","NCHS_2013","UIC_2013","percent_comp"
48001,"Anderson County",20.9,27.6,NA,1.5184,0.1687,21.1656,5.7975,3.3282,58057,182,112,3.2,"Anderson County","58,199",7,12,"3",5.2,"29",49.8,14,24.1,"13",22.3,"35",60.1,"Micropolitan Statistical Area","Central",37300,"Palestine, TX","Micropolitan Statistical Area-Central",7,"TX",5,8,0.942857142857143
48003,"Andrews County",9.2,12,NA,1.4892,0,14.3708,1.7126,1.787,18128,22,30,3.7,"Andrews County","22,269",1,4.5,"0",0,"3",13.5,1,4.5,"1",4.5,"9",40.4,"Micropolitan Statistical Area","Central",11380,"Andrews, TX","Micropolitan Statistical Area-Central",6,"TX",5,5,0.942857142857143
48005,"Angelina County",17,25.1,NA,2.2809,0.6254,17.7872,2.9983,3.5869,87092,244,225,4.6,"Angelina County","90,437",18,19.9,"12",13.3,"61",67.5,58,64.1,"27",29.9,"84",92.9,"Micropolitan Statistical Area","Central",31260,"Lufkin, TX","Micropolitan Statistical Area-Central",5,"TX",5,8,0.942857142857143
48007,"Aransas County",17.1,30.8,NA,2.5957,NA,18.1161,6.1547,2.2746,23792,195,173,5.3,"Aransas County","27,699",2,7.2,"4",14.4,"15",54.2,4,14.4,"1",3.6,"8",28.9,"Micropolitan Statistical Area","Central",40530,"Rockport, TX","Micropolitan Statistical Area-Central",2,"TX",3,2,0.914285714285714
48009,"Archer County",6.9,11.2,NA,1.3928,NA,21.3092,4.805,1.6017,8786,18.93,13.11,3.1,"Archer County","8,344",3,36,"0",0,"7",83.9,6,71.9,"4",47.9,"0",0,"Metropolitan Statistical Area","Outlying",48660,"Wichita Falls, TX","Metropolitan Statistical Area-Outlying",3,"TX",4,2,0.914285714285714
48011,"Armstrong County",9.3,12.4,NA,NA,0,16.2651,NA,4.2169,1892,3,2,2.4,"Armstrong County","1,948",0,0,"0",0,"1",51.3,1,51.3,"0",0,"0",0,"Metropolitan Statistical Area","Outlying",11100,"Amarillo, TX","Metropolitan Statistical Area-Outlying",2,"TX",3,2,0.885714285714286
48013,"Atascosa County",14.9,22,NA,2.3009,NA,17.5026,3.2834,3.7746,50310,114,98,4.2,"Atascosa County","51,831",8,15.4,"2",3.9,"13",25.1,2,3.9,"7",13.5,"18",34.7,"Metropolitan Statistical Area","Outlying",41700,"San Antonio-New Braunfels, TX","Metropolitan Statistical Area-Outlying",1,"TX",2,1,0.914285714285714
48015,"Austin County",11.4,18,NA,1.4181,NA,14.6619,1.7979,1.8992,29989,50,47,3.8,"Austin County","30,402",1,3.3,"0",0,"11",36.2,1,3.3,"2",6.6,"8",26.3,"Metropolitan Statistical Area","Outlying",26420,"Houston-The Woodlands-Sugar Land, TX","Metropolitan Statistical Area-Outlying",1,"TX",2,1,0.914285714285714
48017,"Bailey County",14.4,23.3,NA,1.3953,0,15.6977,1.2791,2.093,7027,41,30,3.5,"Bailey County","7,692",1,13,"0",0,"4",52,0,0,"0",0,"2",26,NA,NA,NA,NA,NA,7,"TX",6,9,0.8
48019,"Bandera County",11,21.3,NA,1.6646,NA,17.604,3.3291,1.5637,22824,54,58,3.3,"Bandera County","21,246",8,37.7,"3",14.1,"16",75.3,0,0,"4",18.8,"8",37.7,"Metropolitan Statistical Area","Outlying",41700,"San Antonio-New Braunfels, TX","Metropolitan Statistical Area-Outlying",1,"TX",2,1,0.914285714285714
48021,"Bastrop County",10.8,16.4,NA,2.3939,NA,18.6427,3.6247,2.4277,86976,304,271,3.1,"Bastrop County","86,105",32,37.2,"24",27.9,"55",63.9,8,9.3,"18",20.9,"25",29,"Metropolitan Statistical Area","Outlying",12420,"Austin-Round Rock-Georgetown, TX","Metropolitan Statistical Area-Outlying",1,"TX",2,1,0.914285714285714
48023,"Baylor County",15.3,21.8,NA,1.7949,NA,20.8974,4.2308,3.0769,3582,7.07,4.89,2.6,"Baylor County","3,624",0,0,"0",0,"2",55.2,1,27.6,"0",0,"6",165.6,NA,NA,NA,NA,NA,8,"TX",6,6,0.771428571428571
48025,"Bee County",23.1,26.1,NA,2.6349,NA,18.6115,5.5207,2.6767,32587,98,70,6.3,"Bee County","34,445",5,14.5,"1",2.9,"12",34.8,5,14.5,"3",8.7,"14",40.6,"Micropolitan Statistical Area","Central",13300,"Beeville, TX","Micropolitan Statistical Area-Central",6,"TX",5,5,0.914285714285714
48027,"Bell County",14.7,21.4,NA,2.4743,0.1624,19.3586,3.7321,2.73,355642,797,257,4.1,"Bell County","353,629",97,27.4,"204",57.7,"355",100.4,70,19.8,"206",58.3,"304",86,"Metropolitan Statistical Area","Central",28660,"Killeen-Temple, TX","Metropolitan Statistical Area-Central",2,"TX",3,2,0.942857142857143
48029,"Bexar County",15,20.5,NA,1.7822,0.2527,16.3502,3.1242,2.6771,1986049,3867,3657,3.6,"Bexar County","2,093,502",508,24.3,"730",34.9,"1,948",93,181,8.6,"1,071",51.2,"1,714",81.9,"Metropolitan Statistical Area","Central",41700,"San Antonio-New Braunfels, TX","Metropolitan Statistical Area-Central",1,"TX",1,1,0.942857142857143
48031,"Blanco County",9.8,14.6,NA,2.0659,NA,14.0679,2.607,1.033,11702,24,11,2.5,"Blanco County","11,504",3,26.1,"2",17.4,"6",52.2,1,8.7,"3",26.1,"4",34.8,NA,NA,NA,NA,NA,8,"TX",6,4,0.771428571428571
48033,"Borden County",7.5,8.5,NA,NA,0,NA,0,NA,648,1.61,0.45,2,"Borden County","685",0,0,"0",0,"0",0,0,0,"0",0,"0",0,NA,NA,NA,NA,NA,8,"TX",6,7,0.714285714285714
48035,"Bosque County",12.5,19.2,NA,2.0747,NA,19.3983,2.2476,3.2503,18691,29,21,3.3,"Bosque County","17,765",5,28.1,"1",5.6,"7",39.4,4,22.5,"4",22.5,"12",67.5,NA,NA,NA,NA,NA,6,"TX",6,4,0.771428571428571
48037,"Bowie County",17.4,23.4,NA,1.5431,0.1163,18.4166,3.1483,2.9777,94324,793,453,4.3,"Bowie County","92,570",20,21.6,"16",17.3,"63",68.1,14,15.1,"19",20.5,"109",117.7,"Metropolitan Statistical Area","Central",45500,"Texarkana, TX-AR","Metropolitan Statistical Area-Central",3,"TX",4,2,0.942857142857143
48039,"Brazoria County",8.3,10,NA,1.6638,0.2216,16.4082,2.8522,2.6145,370200,894,521,4.8,"Brazoria County","375,869",66,17.6,"65",17.3,"210",55.9,31,8.2,"86",22.9,"217",57.7,"Metropolitan Statistical Area","Central",26420,"Houston-The Woodlands-Sugar Land, TX","Metropolitan Statistical Area-Central",1,"TX",2,1,0.942857142857143
48041,"Brazos County",22.3,19.5,NA,1.6265,0.1925,19.0002,2.3435,2.7352,226758,658,425,2.8,"Brazos County","229,410",45,19.6,"24",10.5,"153",66.7,27,11.8,"48",20.9,"224",97.6,"Metropolitan Statistical Area","Central",17780,"College Station-Bryan, TX","Metropolitan Statistical Area-Central",3,"TX",4,2,0.942857142857143
48043,"Brewster County",14,16.6,NA,2.2777,NA,12.05,NA,1.543,9267,41,47,3.2,"Brewster County","9,133",1,10.9,"1",10.9,"13",142.3,1,10.9,"1",10.9,"12",131.4,NA,NA,NA,NA,NA,7,"TX",6,11,0.742857142857143
48045,"Briscoe County",13.4,22.8,NA,NA,0,14.8026,NA,NA,1516,NA,NA,3.1,"Briscoe County","1,568",0,0,"0",0,"0",0,0,0,"0",0,"0",0,NA,NA,NA,NA,NA,9,"TX",6,12,0.657142857142857
48047,"Brooks County",28.7,45,NA,2.0089,NA,22.7679,3.683,3.5714,7114,588,633,6.4,"Brooks County","7,175",0,0,"0",0,"0",0,0,0,"0",0,"1",13.9,NA,NA,NA,NA,NA,7,"TX",6,9,0.771428571428571
48049,"Brown County",15.6,22.3,NA,1.5848,0.3108,21.1156,2.1442,4.8167,37924,156,150,3.8,"Brown County","38,923",29,74.5,"7",18,"51",131,21,54,"15",38.5,"30",77.1,"Micropolitan Statistical Area","Central",15220,"Brownwood, TX","Micropolitan Statistical Area-Central",5,"TX",5,8,0.942857142857143
48051,"Burleson County",13.1,19.9,NA,2.0416,0,16.2596,2.4061,2.479,18389,62,63,3.3,"Burleson County","17,718",1,5.6,"0",0,"0",0,0,0,"0",0,"4",22.6,"Metropolitan Statistical Area","Outlying",17780,"College Station-Bryan, TX","Metropolitan Statistical Area-Outlying",3,"TX",4,2,0.942857142857143
48053,"Burnet County",9.5,16.4,NA,2.021,NA,15.9783,3.9283,1.7936,47542,428,452,2.7,"Burnet County","48,196",19,39.4,"10",20.7,"26",53.9,4,8.3,"7",14.5,"45",93.4,NA,NA,NA,NA,NA,6,"TX",6,4,0.771428571428571
48055,"Caldwell County",12.7,18.6,NA,2.324,NA,17.9245,3.9577,3.1753,43247,194,100,3.2,"Caldwell County","44,284",12,27.1,"13",29.4,"19",42.9,3,6.8,"9",20.3,"15",33.9,"Metropolitan Statistical Area","Outlying",12420,"Austin-Round Rock-Georgetown, TX","Metropolitan Statistical Area-Outlying",1,"TX",2,1,0.914285714285714
48057,"Calhoun County",12.4,21.4,NA,1.8654,NA,18.4877,1.8321,3.1979,21561,56,32,3.3,"Calhoun County","22,840",0,0,"2",8.8,"10",43.8,1,4.4,"1",4.4,"16",70.1,"Micropolitan Statistical Area","Central",38920,"Port Lavaca, TX","Micropolitan Statistical Area-Central",6,"TX",5,5,0.914285714285714
48059,"Callahan County",12.2,19,NA,1.8114,0,17.9749,2.7868,2.601,13994,6,5,3.3,"Callahan County","13,456",3,22.3,"2",14.9,"4",29.7,3,22.3,"2",14.9,"2",14.9,"Metropolitan Statistical Area","Outlying",10180,"Abilene, TX","Metropolitan Statistical Area-Outlying",3,"TX",4,2,0.942857142857143
48061,"Cameron County",24.4,34.6,NA,2.2909,0.2913,20.3517,2.3376,3.6755,423908,1115,902,6.1,"Cameron County","427,881",59,13.8,"52",12.2,"212",49.5,77,18,"83",19.4,"254",59.4,"Metropolitan Statistical Area","Central",15180,"Brownsville-Harlingen, TX","Metropolitan Statistical Area-Central",2,"TX",3,2,0.942857142857143
48063,"Camp County",16.7,24.8,NA,1.59,NA,14.5372,2.7257,3.7479,13033,26,10,4.1,"Camp County","13,322",3,22.5,"0",0,"5",37.5,2,15,"3",22.5,"12",90.1,"Micropolitan Statistical Area","Outlying",34420,"Mount Pleasant, TX","Micropolitan Statistical Area-Outlying",6,"TX",6,6,0.914285714285714
48065,"Carson County",8.3,10.7,NA,NA,NA,14.7668,2.8497,2.4611,6005,25,25,2.7,"Carson County","5,799",0,0,"0",0,"2",34.5,2,34.5,"0",0,"0",0,"Metropolitan Statistical Area","Outlying",11100,"Amarillo, TX","Metropolitan Statistical Area-Outlying",2,"TX",3,2,0.885714285714286
48067,"Cass County",17.7,25.6,NA,1.2934,NA,18.3946,3.2232,3.0179,30119,86,62,4.6,"Cass County","30,327",3,9.9,"4",13.2,"11",36.3,4,13.2,"3",9.9,"9",29.7,NA,NA,NA,NA,NA,6,"TX",6,6,0.771428571428571
48069,"Castro County",15.3,20.4,NA,1.812,0,11.0985,1.6988,1.6988,7665,18,11,2.5,"Castro County","7,103",1,14.1,"0",0,"2",28.2,2,28.2,"0",0,"4",56.3,NA,NA,NA,NA,NA,6,"TX",6,6,0.8
48071,"Chambers County",9.3,11,NA,1.1181,NA,17.0298,4.6732,1.9209,42454,98,40,5.9,"Chambers County","42,320",9,21.3,"2",4.7,"13",30.7,1,2.4,"2",4.7,"6",14.2,"Metropolitan Statistical Area","Central",26420,"Houston-The Woodlands-Sugar Land, TX","Metropolitan Statistical Area-Central",1,"TX",2,1,0.914285714285714
48073,"Cherokee County",16.7,24.4,NA,1.6355,NA,19.264,3.3024,3.5383,52592,130,74,4.4,"Cherokee County","52,178",10,19.2,"9",17.2,"34",65.2,35,67.1,"4",7.7,"35",67.1,"Micropolitan Statistical Area","Central",27380,"Jacksonville, TX","Micropolitan Statistical Area-Central",6,"TX",5,5,0.914285714285714
48075,"Childress County",21.4,24.1,NA,2.7685,0,14.5072,2.5471,1.9934,7291,60,65,2.9,"Childress County","7,062",0,0,"1",14.2,"3",42.5,1,14.2,"0",0,"10",141.6,NA,NA,NA,NA,NA,7,"TX",6,11,0.8
48077,"Clay County",11.1,14.6,NA,1.6446,0,20.6897,5.6233,1.9629,10456,20,21,3.4,"Clay County","9,787",2,20.4,"0",0,"5",51.1,2,20.4,"0",0,"5",51.1,"Metropolitan Statistical Area","Outlying",48660,"Wichita Falls, TX","Metropolitan Statistical Area-Outlying",3,"TX",4,2,0.942857142857143
48079,"Cochran County",19.2,29.4,NA,NA,NA,14.0921,NA,NA,2836,3,1,4.8,"Cochran County","3,348",1,29.9,"0",0,"2",59.7,1,29.9,"0",0,"1",29.9,NA,NA,NA,NA,NA,9,"TX",6,10,0.685714285714286
48081,"Coke County",11.4,18,NA,NA,0,16.8831,3.4091,3.2468,3370,NA,NA,3.5,"Coke County","3,215",0,0,"0",0,"2",62.2,1,31.1,"2",62.2,"0",0,NA,NA,NA,NA,NA,8,"TX",6,7,0.714285714285714
48083,"Coleman County",16,28.1,NA,0.9709,NA,16.4509,1.5102,1.9417,8397,7,2,4.1,"Coleman County","8,478",2,23.6,"0",0,"1",11.8,2,23.6,"0",0,"4",47.2,NA,NA,NA,NA,NA,6,"TX",6,6,0.771428571428571
48085,"Collin County",6.2,6.7,NA,1.3896,0.1328,19.5319,2.2956,2.2434,1005146,1010,705,2.9,"Collin County","1,039,369",128,12.3,"276",26.6,"1,071",103,79,7.6,"364",35,"1,055",101.5,"Metropolitan Statistical Area","Central",19100,"Dallas-Fort Worth-Arlington, TX","Metropolitan Statistical Area-Central",1,"TX",1,1,0.942857142857143
48087,"Collingsworth County",16.9,25.5,NA,NA,0,14.7705,2.7944,2.5948,2962,10,4,2.7,"Collingsworth County","3,210",0,0,"0",0,"1",31.2,0,0,"0",0,"1",31.2,NA,NA,NA,NA,NA,9,"TX",6,10,0.771428571428571
48089,"Colorado County",12.7,18.4,NA,1.248,NA,14.6906,1.118,2.8861,21217,46,53,3.4,"Colorado County","21,273",6,28.2,"1",4.7,"4",18.8,2,9.4,"1",4.7,"20",94,NA,NA,NA,NA,NA,6,"TX",6,4,0.771428571428571
48091,"Comal County",7.5,9.4,NA,1.5732,0.1675,15.4022,2.5577,1.6341,148373,282,196,3.1,"Comal County","147,330",18,12.2,"52",35.3,"145",98.4,16,10.9,"56",38,"112",76,"Metropolitan Statistical Area","Central",41700,"San Antonio-New Braunfels, TX","Metropolitan Statistical Area-Central",1,"TX",2,1,0.942857142857143
48093,"Comanche County",15.9,24,NA,1.2505,NA,17.7413,1.3286,2.0711,13534,42,29,3,"Comanche County","13,075",4,30.6,"1",7.6,"5",38.2,9,68.8,"1",7.6,"12",91.8,NA,NA,NA,NA,NA,7,"TX",6,9,0.771428571428571
48095,"Concho County",13.5,20.9,NA,NA,0,16.7002,2.6157,2.8169,4276,14.02,8.34,2.6,"Concho County","4,147",0,0,"0",0,"0",0,0,0,"0",0,"1",24.1,NA,NA,NA,NA,NA,8,"TX",6,6,0.771428571428571
48097,"Cooke County",11.3,16.1,NA,1.6189,NA,16.4496,2.9959,2.3074,40574,70,38,3.1,"Cooke County","39,727",5,12.6,"3",7.6,"24",60.4,15,37.8,"2",5,"17",42.8,"Micropolitan Statistical Area","Central",23620,"Gainesville, TX","Micropolitan Statistical Area-Central",6,"TX",5,3,0.914285714285714
48099,"Coryell County",12.7,16.8,NA,2.5535,0.2461,20.12,4.9223,2.6611,74808,77,74,4.1,"Coryell County","78,317",28,35.8,"34",43.4,"62",79.2,11,14,"31",39.6,"21",26.8,"Metropolitan Statistical Area","Central",28660,"Killeen-Temple, TX","Metropolitan Statistical Area-Central",2,"TX",3,2,0.942857142857143
48101,"Cottle County",17.9,31.7,NA,NA,0,11.5789,0,NA,1389,NA,NA,3,"Cottle County","1,510",0,0,"0",0,"0",0,0,0,"0",0,"0",0,NA,NA,NA,NA,NA,9,"TX",6,12,0.685714285714286
48103,"Crane County",9,12.9,NA,2.9557,NA,19.2118,2.7094,3.9409,4794,12,3,6.3,"Crane County","6,209",0,0,"0",0,"0",0,0,0,"0",0,"2",32.2,NA,NA,NA,NA,NA,6,"TX",6,6,0.771428571428571
48105,"Crockett County",12.4,17.7,NA,NA,0,10.7724,NA,2.6423,3499,30,10,4.5,"Crockett County","4,040",0,0,"0",0,"1",24.8,0,0,"0",0,"1",24.8,NA,NA,NA,NA,NA,7,"TX",6,11,0.742857142857143
48107,"Crosby County",19.8,30.3,NA,2.2107,NA,17.6853,2.0806,3.1209,5779,8,10,3.6,"Crosby County","6,464",0,0,"0",0,"3",46.4,3,46.4,"1",15.5,"1",15.5,"Metropolitan Statistical Area","Outlying",31180,"Lubbock, TX","Metropolitan Statistical Area-Outlying",2,"TX",3,2,0.914285714285714
48109,"Culberson County",18.6,29.4,NA,NA,0,12.3249,NA,NA,2204,10,0,2.9,"Culberson County","2,245",1,44.5,"1",44.5,"0",0,0,0,"0",0,"2",89.1,NA,NA,NA,NA,NA,9,"TX",6,12,0.714285714285714
48111,"Dallam County",11.1,16,NA,NA,0,9.2375,1.6129,2.0528,7200,17.9,10.85,1.8,"Dallam County","7,237",0,0,"0",0,"0",0,1,13.8,"0",0,"0",0,NA,NA,NA,NA,NA,7,"TX",6,11,0.771428571428571
48113,"Dallas County",13.7,20.1,NA,1.897,0.1674,19.7851,3.8785,3.1388,2637772,5210,4005,3.7,"Dallas County","2,734,111",505,18.5,"972",35.6,"2,535",92.7,307,11.2,"1,224",44.8,"2,424",88.7,"Metropolitan Statistical Area","Central",19100,"Dallas-Fort Worth-Arlington, TX","Metropolitan Statistical Area-Central",1,"TX",1,1,0.942857142857143
48115,"Dawson County",18.7,24.4,NA,1.0566,NA,12.3679,1.4916,1.9267,12619,39,20,4.6,"Dawson County","13,592",0,0,"2",14.7,"4",29.4,3,22.1,"2",14.7,"6",44.1,"Micropolitan Statistical Area","Central",29500,"Lamesa, TX","Micropolitan Statistical Area-Central",7,"TX",5,8,0.914285714285714
48117,"Deaf Smith County",15.5,22.6,NA,1.2848,0,11.4026,1.6595,1.9807,18760,73,41,2.5,"Deaf Smith County","18,143",0,0,"1",5.5,"6",33.1,8,44.1,"5",27.6,"6",33.1,"Micropolitan Statistical Area","Central",25820,"Hereford, TX","Micropolitan Statistical Area-Central",6,"TX",5,5,0.942857142857143
48119,"Delta County",14.3,21.5,NA,NA,NA,15.8849,3.9446,3.9446,5349,17,6,3.6,"Delta County","5,367",0,0,"0",0,"3",55.9,0,0,"1",18.6,"0",0,NA,NA,NA,NA,NA,8,"TX",6,4,0.742857142857143
48121,"Denton County",6.9,7.6,NA,1.4876,0.2331,18.8744,2.7137,2.3043,859064,1188,781,2.9,"Denton County","897,953",146,16.3,"211",23.5,"941",104.8,89,9.9,"322",35.9,"496",55.2,"Metropolitan Statistical Area","Outlying",19100,"Dallas-Fort Worth-Arlington, TX","Metropolitan Statistical Area-Outlying",1,"TX",2,1,0.942857142857143
48123,"DeWitt County",20.5,27.6,NA,1.801,NA,16.1172,5.0061,2.8083,20187,115,60,3.1,"De Witt County","21,737",0,0,"3",13.8,"11",50.6,1,4.6,"6",27.6,"13",59.8,NA,NA,NA,NA,NA,6,"TX",6,6,0.771428571428571
48125,"Dickens County",18.9,27.7,NA,NA,0,15.7025,NA,NA,2249,371.02,211.88,3.4,"Dickens County","2,174",1,46,"0",0,"0",0,1,46,"0",0,"0",0,NA,NA,NA,NA,NA,8,"TX",6,7,0.714285714285714
48127,"Dimmit County",25.5,34.4,NA,2.1739,NA,16.7297,1.7013,2.4575,10308,66,64,3.7,"Dimmit County","11,743",0,0,"0",0,"2",17,1,8.5,"0",0,"7",59.6,NA,NA,NA,NA,NA,6,"TX",6,6,0.771428571428571
48129,"Donley County",16.3,24.8,NA,2.8939,0,17.0418,2.2508,5.1447,3319,12,9,2.8,"Donley County","3,410",0,0,"0",0,"0",0,2,58.7,"0",0,"1",29.3,NA,NA,NA,NA,NA,8,"TX",6,7,0.8
48131,"Duval County",20,32.1,NA,2.4096,0,20.8584,3.0873,3.991,11212,28,12,5.4,"Duval County","11,796",8,67.8,"0",0,"3",25.4,1,8.5,"1",8.5,"0",0,"Micropolitan Statistical Area","Outlying",10860,"Alice, TX","Micropolitan Statistical Area-Outlying",7,"TX",6,9,0.942857142857143
48133,"Eastland County",17,23.2,NA,0.9514,NA,16.4042,2.1654,2.395,18322,80,65,3.9,"Eastland County","18,205",8,43.9,"0",0,"12",65.9,7,38.5,"4",22,"9",49.4,NA,NA,NA,NA,NA,6,"TX",6,6,0.771428571428571
48135,"Ector County",13.6,17.9,NA,2.2335,0.1613,17.0376,2.0077,2.3464,162124,636,450,5.1,"Ector County","184,841",29,15.7,"9",4.9,"64",34.6,23,12.4,"8",4.3,"103",55.7,"Metropolitan Statistical Area","Central",36220,"Odessa, TX","Metropolitan Statistical Area-Central",3,"TX",4,2,0.942857142857143
48137,"Edwards County",19.1,31.8,NA,NA,0,11.5578,NA,NA,1928,8,1,2.8,"Edwards County","1,991",1,50.2,"0",0,"1",50.2,0,0,"0",0,"1",50.2,NA,NA,NA,NA,NA,9,"TX",6,12,0.714285714285714
48139,"Ellis County",7.9,11.1,NA,1.505,0.2041,20.6811,3.1631,2.6529,179436,465,460,3.1,"Ellis County","177,721",18,10.1,"28",15.8,"139",78.2,16,9,"60",33.8,"104",58.5,"Metropolitan Statistical Area","Central",19100,"Dallas-Fort Worth-Arlington, TX","Metropolitan Statistical Area-Central",1,"TX",2,1,0.942857142857143
48141,"El Paso County",17.6,22.7,NA,1.6697,0.2069,15.4533,2.0859,2.2174,840758,2330,1435,4.3,"El Paso County","876,120",158,18,"190",21.7,"502",57.3,141,16.1,"368",42,"512",58.4,"Metropolitan Statistical Area","Central",21340,"El Paso, TX","Metropolitan Statistical Area-Central",2,"TX",3,2,0.942857142857143
48143,"Erath County",12.6,15.5,NA,0.9091,0.9313,17.6497,1.3304,2.439,42446,72,72,2.9,"Erath County","41,526",22,53,"5",12,"50",120.4,6,14.4,"17",40.9,"21",50.6,"Micropolitan Statistical Area","Central",44500,"Stephenville, TX","Micropolitan Statistical Area-Central",4,"TX",5,3,0.942857142857143
48145,"Falls County",20,25.2,NA,3.125,NA,19.0678,3.3898,3.072,17335,35,30,3.7,"Falls County","16,603",4,24.1,"4",24.1,"11",66.3,2,12,"2",12,"1",6,"Metropolitan Statistical Area","Outlying",47380,"Waco, TX","Metropolitan Statistical Area-Outlying",2,"TX",3,2,0.914285714285714
48147,"Fannin County",15.4,17.5,NA,1.4551,0.2298,18.8589,4.0781,2.9102,35286,452,452,2.9,"Fannin County","34,597",4,11.6,"15",43.4,"13",37.6,12,34.7,"13",37.6,"10",28.9,"Micropolitan Statistical Area","Central",14300,"Bonham, TX","Micropolitan Statistical Area-Central",6,"TX",6,4,0.942857142857143
48149,"Fayette County",9.4,14.4,NA,1.5449,NA,15.7504,1.5851,2.5482,25349,27,12,3.1,"Fayette County","26,086",0,0,"0",0,"5",19.2,6,23,"4",15.3,"12",46,NA,NA,NA,NA,NA,6,"TX",6,4,0.771428571428571
48151,"Fisher County",13.3,17.6,NA,2.2624,0,18.4012,1.6591,NA,3839,7,5,3,"Fisher County","3,985",0,0,"0",0,"1",25.1,0,0,"1",25.1,"2",50.2,NA,NA,NA,NA,NA,8,"TX",6,7,0.771428571428571
48153,"Floyd County",17.7,29.5,NA,NA,0,15.6489,2.1628,1.7812,5837,NA,NA,3.9,"Floyd County","5,786",0,0,"0",0,"3",51.8,1,17.3,"1",17.3,"3",51.8,NA,NA,NA,NA,NA,6,"TX",6,6,0.714285714285714
48155,"Foard County",16.8,29.9,NA,NA,0,21.3439,7.5099,NA,1200,NA,NA,2.4,"Foard County","1,240",0,0,"0",0,"0",0,2,161.3,"1",80.6,"0",0,NA,NA,NA,NA,NA,9,"TX",6,10,0.685714285714286
48157,"Fort Bend County",7.4,9.4,NA,1.2157,0.2998,13.7463,1.7153,3.1333,787858,987,2847,4,"Fort Bend County","840,383",122,14.5,"175",20.8,"573",68.2,46,5.5,"256",30.5,"539",64.1,"Metropolitan Statistical Area","Central",26420,"Houston-The Woodlands-Sugar Land, TX","Metropolitan Statistical Area-Central",1,"TX",2,1,0.942857142857143
48159,"Franklin County",12.9,20.4,NA,1.5532,0.7168,19.6535,2.7479,4.0024,10766,34,46,3,"Franklin County","10,924",2,18.3,"1",9.2,"3",27.5,1,9.2,"4",36.6,"3",27.5,NA,NA,NA,NA,NA,7,"TX",6,9,0.8
48161,"Freestone County",13.3,16.7,NA,1.6886,NA,18.5366,3.2645,2.7017,19808,56,47,5.5,"Freestone County","19,860",0,0,"0",0,"7",35.2,0,0,"1",5,"9",45.3,NA,NA,NA,NA,NA,7,"TX",6,9,0.771428571428571
48163,"Frio County",22.3,28.8,NA,2.2606,NA,13.8298,2.3936,4.7872,19816,348,48,3.3,"Frio County","20,023",0,0,"2",10,"3",15,0,0,"1",5,"10",49.9,"Micropolitan Statistical Area","Central",37770,"Pearsall, TX","Micropolitan Statistical Area-Central",6,"TX",6,4,0.914285714285714
48165,"Gaines County",11.1,19.8,NA,1.2295,NA,15.4372,1.776,1.571,20901,21,17,2.8,"Gaines County","22,121",1,4.5,"0",0,"3",13.6,1,4.5,"1",4.5,"8",36.2,NA,NA,NA,NA,NA,7,"TX",6,9,0.771428571428571
48167,"Galveston County",9.9,14.1,NA,2.7056,0.1521,18.4759,3.3869,3.0529,337890,1123,832,4.6,"Galveston County","355,196",79,22.2,"71",20,"191",53.8,42,11.8,"92",25.9,"245",69,"Metropolitan Statistical Area","Central",26420,"Houston-The Woodlands-Sugar Land, TX","Metropolitan Statistical Area-Central",1,"TX",2,1,0.942857142857143
48169,"Garza County",20.6,23.4,NA,NA,0,16.4659,NA,NA,6578,65.67,46.25,3.1,"Garza County","6,784",2,29.5,"0",0,"3",44.2,1,14.7,"1",14.7,"2",29.5,NA,NA,NA,NA,NA,6,"TX",6,6,0.714285714285714
48171,"Gillespie County",9.2,15.2,NA,1.7752,NA,17.0867,1.5375,1.4424,26804,10,4,2.4,"Gillespie County","26,191",5,19.1,"5",19.1,"14",53.5,2,7.6,"7",26.7,"30",114.5,"Micropolitan Statistical Area","Central",23240,"Fredericksburg, TX","Micropolitan Statistical Area-Central",7,"TX",5,8,0.914285714285714
48173,"Glasscock County",7.3,9.9,NA,NA,0,7.362,NA,0,1388,1,NA,2.8,"Glasscock County","1,365",0,0,"0",0,"0",0,0,0,"0",0,"0",0,NA,NA,NA,NA,NA,8,"TX",5,5,0.714285714285714
48175,"Goliad County",13.2,20.8,NA,2.193,NA,17.3684,3.4211,2.807,7584,30,14,4.5,"Goliad County","7,717",1,13,"1",13,"7",90.7,0,0,"2",25.9,"1",13,"Metropolitan Statistical Area","Outlying",47020,"Victoria, TX","Metropolitan Statistical Area-Outlying",3,"TX",4,2,0.914285714285714
48177,"Gonzales County",14.3,22.3,NA,1.4974,NA,13.5135,1.8992,2.1183,20826,93,65,2.7,"Gonzales County","21,347",3,14.1,"1",4.7,"5",23.4,1,4.7,"4",18.7,"9",42.2,NA,NA,NA,NA,NA,6,"TX",6,4,0.771428571428571
48179,"Gray County",14.2,18,NA,1.7705,NA,16.3773,4.4603,2.9282,21895,56,49,4.5,"Gray County","24,252",3,12.4,"1",4.1,"12",49.5,6,24.7,"4",16.5,"12",49.5,"Micropolitan Statistical Area","Central",37420,"Pampa, TX","Micropolitan Statistical Area-Central",6,"TX",5,5,0.914285714285714
48181,"Grayson County",13.6,20.8,NA,2.093,0.1763,19.5803,4.1474,2.8531,133991,379,277,3.3,"Grayson County","131,710",36,27.3,"21",15.9,"94",71.4,23,17.5,"46",34.9,"124",94.1,"Metropolitan Statistical Area","Central",43300,"Sherman-Denison, TX","Metropolitan Statistical Area-Central",3,"TX",4,2,0.942857142857143
48183,"Gregg County",18.1,26.3,NA,1.8127,0.1678,19.2414,3.2226,3.1286,123707,697,497,4.4,"Gregg County","125,730",49,39,"35",27.8,"106",84.3,32,25.5,"44",35,"150",119.3,"Metropolitan Statistical Area","Central",30980,"Longview, TX","Metropolitan Statistical Area-Central",3,"TX",4,2,0.942857142857143
48185,"Grimes County",15.3,20.6,NA,1.8556,NA,19.4405,2.5978,2.5121,28360,72,58,4.6,"Grimes County","28,930",3,10.4,"1",3.5,"9",31.1,2,6.9,"0",0,"14",48.4,NA,NA,NA,NA,NA,6,"TX",6,4,0.771428571428571
48187,"Guadalupe County",8.5,10.7,NA,1.6491,0.107,15.4592,2.864,2.1653,163694,364,250,3.1,"Guadalupe County","170,266",25,14.7,"47",27.6,"111",65.2,19,11.2,"80",47,"61",35.8,"Metropolitan Statistical Area","Central",41700,"San Antonio-New Braunfels, TX","Metropolitan Statistical Area-Central",1,"TX",2,1,0.942857142857143
48189,"Hale County",17.6,24.6,NA,1.9462,NA,19.4333,2.1179,2.5758,33830,95,56,4.3,"Hale County","33,202",11,33.1,"3",9,"37",111.4,7,21.1,"4",12,"19",57.2,"Micropolitan Statistical Area","Central",38380,"Plainview, TX","Micropolitan Statistical Area-Central",4,"TX",5,5,0.914285714285714
48191,"Hall County",18.6,36.7,NA,1.9784,0,14.7482,2.518,NA,3028,5,8,3.4,"Hall County","3,305",0,0,"0",0,"0",0,0,0,"0",0,"0",0,NA,NA,NA,NA,NA,9,"TX",6,12,0.771428571428571
48193,"Hamilton County",14.7,20.9,NA,2.4496,NA,23.5591,1.9452,3.17,8484,12,13,2.9,"Hamilton County","8,220",4,48.7,"1",12.2,"5",60.8,2,24.3,"1",12.2,"10",121.7,NA,NA,NA,NA,NA,6,"TX",6,6,0.771428571428571
48195,"Hansford County",10.7,15.4,NA,NA,0,14.9798,NA,2.0243,5463,3,3,2.2,"Hansford County","5,820",0,0,"0",0,"2",34.4,0,0,"0",0,"4",68.7,NA,NA,NA,NA,NA,7,"TX",6,9,0.742857142857143
48197,"Hardeman County",15,23.6,NA,2.2663,0,15.864,4.6742,1.8414,3922,8,3,3.3,"Hardeman County","3,870",0,0,"3",77.5,"0",0,2,51.7,"0",0,"3",77.5,NA,NA,NA,NA,NA,9,"TX",6,9,0.8
48199,"Hardin County",10.4,12.9,NA,1.4731,NA,20.0982,7.3993,2.743,57207,154,162,5.6,"Hardin County","56,486",8,14.2,"2",3.5,"26",46,18,31.9,"7",12.4,"10",17.7,"Metropolitan Statistical Area","Outlying",13140,"Beaumont-Port Arthur, TX","Metropolitan Statistical Area-Outlying",2,"TX",3,2,0.914285714285714
48201,"Harris County",15.9,23.3,NA,1.676,0.1996,16.064,2.7396,3.033,4698619,8673,6609,4.4,"Harris County","4,978,845",993,19.9,"1,722",34.6,"3,204",64.4,335,6.7,"1,771",35.6,"4,416",88.7,"Metropolitan Statistical Area","Central",26420,"Houston-The Woodlands-Sugar Land, TX","Metropolitan Statistical Area-Central",1,"TX",1,1,0.942857142857143
48203,"Harrison County",15.6,21.9,NA,1.5785,0.1797,21.5092,3.6191,2.5154,66726,250,238,4.8,"Harrison County","68,247",12,17.6,"6",8.8,"37",54.2,9,13.2,"11",16.1,"16",23.4,"Metropolitan Statistical Area","Outlying",30980,"Longview, TX","Metropolitan Statistical Area-Outlying",4,"TX",5,5,0.942857142857143
48205,"Hartley County",9.5,9.1,NA,NA,NA,15.8664,NA,NA,5619,15.1,9.15,1.5,"Hartley County","6,067",0,0,"1",16.5,"1",16.5,0,0,"1",16.5,"8",131.9,NA,NA,NA,NA,NA,7,"TX",6,11,0.685714285714286
48207,"Haskell County",20,25.6,NA,1.3613,0,14.0314,1.9895,2.0942,5813,377.77,330.55,2.7,"Haskell County","6,197",1,16.1,"1",16.1,"2",32.3,2,32.3,"1",16.1,"4",64.5,NA,NA,NA,NA,NA,6,"TX",6,6,0.8
48209,"Hays County",9.6,9.9,NA,1.8166,0.0927,17.2269,3.3428,1.6621,222631,356,219,2.8,"Hays County","234,896",72,30.7,"88",37.5,"214",91.1,27,11.5,"121",51.5,"150",63.9,"Metropolitan Statistical Area","Central",12420,"Austin-Round Rock-Georgetown, TX","Metropolitan Statistical Area-Central",1,"TX",2,1,0.942857142857143
48211,"Hemphill County",9.5,14.5,NA,NA,0,8.7336,NA,NA,3825,4.89,0.82,3.3,"Hemphill County","4,644",0,0,"0",0,"2",43.1,1,21.5,"0",0,"6",129.2,NA,NA,NA,NA,NA,7,"TX",6,11,0.714285714285714
48213,"Henderson County",14.2,22.6,NA,1.9655,0.1047,20.2836,3.4397,2.3039,82299,350,389,3.5,"Henderson County","81,179",10,12.3,"17",20.9,"28",34.5,18,22.2,"5",6.2,"43",53,"Micropolitan Statistical Area","Central",11980,"Athens, TX","Micropolitan Statistical Area-Central",4,"TX",5,3,0.942857142857143
48215,"Hidalgo County",23.9,32.5,NA,1.8611,0.1526,22.0324,3.2322,2.4125,865939,1055,936,7,"Hidalgo County","870,366",126,14.5,"84",9.7,"433",49.7,235,27,"249",28.6,"546",62.7,"Metropolitan Statistical Area","Central",32580,"McAllen-Edinburg-Mission, TX","Metropolitan Statistical Area-Central",2,"TX",3,2,0.942857142857143
48217,"Hill County",14,20.4,NA,1.7277,NA,19.2899,2.3353,2.5441,36354,139,100,3.4,"Hill County","35,673",9,25.2,"6",16.8,"15",42,3,8.4,"8",22.4,"12",33.6,NA,NA,NA,NA,NA,6,"TX",6,4,0.771428571428571
48219,"Hockley County",12.9,19.5,NA,1.5531,NA,17.6445,2.0708,2.3296,22980,75,58,3.7,"Hockley County","24,636",1,4.1,"1",4.1,"15",60.9,4,16.2,"3",12.2,"11",44.7,"Micropolitan Statistical Area","Central",30220,"Levelland, TX","Micropolitan Statistical Area-Central",6,"TX",5,5,0.914285714285714
48221,"Hood County",9.4,14.8,NA,1.4714,NA,19.3042,2.0951,1.7053,60537,142,98,3.6,"Hood County","58,643",9,15.3,"9",15.3,"53",90.4,17,29,"15",25.6,"42",71.6,"Micropolitan Statistical Area","Central",24180,"Granbury, TX","Micropolitan Statistical Area-Central",1,"TX",2,1,0.914285714285714
48223,"Hopkins County",12.7,18.9,NA,1.877,NA,19.934,5.1964,2.8676,36810,94,83,3,"Hopkins County","37,040",4,10.8,"7",18.9,"22",59.4,17,45.9,"17",45.9,"15",40.5,"Micropolitan Statistical Area","Central",44860,"Sulphur Springs, TX","Micropolitan Statistical Area-Central",6,"TX",5,3,0.914285714285714
48225,"Houston County",20,27.7,NA,1.4085,NA,15.4636,2.7582,2.8169,23169,92,76,3.4,"Houston County","22,620",3,13.3,"4",17.7,"11",48.6,4,17.7,"5",22.1,"5",22.1,NA,NA,NA,NA,NA,7,"TX",6,9,0.771428571428571
48227,"Howard County",15.7,17.8,NA,2.2838,NA,15.9598,2.5829,2.3382,36459,58,57,5.4,"Howard County","41,236",3,7.3,"9",21.8,"10",24.3,12,29.1,"11",26.7,"19",46.1,"Micropolitan Statistical Area","Central",13700,"Big Spring, TX","Micropolitan Statistical Area-Central",4,"TX",5,5,0.914285714285714
48229,"Hudspeth County",24.2,33.1,NA,NA,0,7.4074,NA,NA,4795,107,102,3.7,"Hudspeth County","3,400",0,0,"0",0,"0",0,0,0,"0",0,"1",29.4,"Metropolitan Statistical Area","Outlying",21340,"El Paso, TX","Metropolitan Statistical Area-Outlying",2,"TX",3,2,0.857142857142857
48231,"Hunt County",12.6,17.6,NA,2.2979,0.1117,21.3437,6.814,3.5347,96493,347,215,3.6,"Hunt County","95,324",13,13.6,"18",18.9,"74",77.6,13,13.6,"36",37.8,"51",53.5,"Metropolitan Statistical Area","Outlying",19100,"Dallas-Fort Worth-Arlington, TX","Metropolitan Statistical Area-Outlying",1,"TX",2,1,0.942857142857143
48233,"Hutchinson County",12.1,15.4,NA,1.5116,NA,15.1495,2.7545,1.9819,21198,60,49,4.6,"Hutchinson County","21,461",0,0,"0",0,"1",4.7,4,18.6,"2",9.3,"8",37.3,"Micropolitan Statistical Area","Central",14420,"Borger, TX","Micropolitan Statistical Area-Central",6,"TX",5,5,0.914285714285714
48235,"Irion County",6.9,7.4,NA,NA,0,9.6154,NA,0,1522,5.51,3.89,3.1,"Irion County","1,508",0,0,"0",0,"0",0,0,0,"0",0,"0",0,"Metropolitan Statistical Area","Outlying",41660,"San Angelo, TX","Metropolitan Statistical Area-Outlying",3,"TX",4,2,0.885714285714286
48237,"Jack County",13.6,18.4,NA,1.34,0,17.7554,2.7638,2.2613,8843,15,17,3.8,"Jack County","8,841",3,33.9,"0",0,"2",22.6,2,22.6,"0",0,"9",101.8,NA,NA,NA,NA,NA,6,"TX",6,4,0.8
48239,"Jackson County",12.7,17.5,NA,2.1708,NA,18.6686,1.3507,3.4732,14874,60,43,3.3,"Jackson County","15,899",0,0,"0",0,"7",44,0,0,"2",12.6,"9",56.6,NA,NA,NA,NA,NA,6,"TX",6,6,0.771428571428571
48241,"Jasper County",17.3,24.9,NA,1.739,NA,20.9457,7.1512,3.2044,35872,94,88,6.9,"Jasper County","35,525",1,2.8,"0",0,"17",47.9,9,25.3,"8",22.5,"15",42.2,NA,NA,NA,NA,NA,6,"TX",6,6,0.771428571428571
48243,"Jeff Davis County",22.2,59.7,NA,NA,0,7.6596,NA,NA,2252,NA,NA,2.9,"Jeff Davis County","2,113",0,0,"0",0,"1",47.3,0,0,"1",47.3,"1",47.3,NA,NA,NA,NA,NA,9,"TX",6,12,0.657142857142857
48245,"Jefferson County",18.3,25.9,NA,1.5366,0.3262,19.1962,6.8369,3.5697,255001,945,663,6.9,"Jefferson County","258,678",78,30.2,"29",11.2,"170",65.7,88,34,"70",27.1,"181",70,"Metropolitan Statistical Area","Central",13140,"Beaumont-Port Arthur, TX","Metropolitan Statistical Area-Central",2,"TX",3,2,0.942857142857143
48247,"Jim Hogg County",20.1,30.5,NA,2.4779,0,21.0619,NA,3.0088,5248,11,6,6.4,"Jim Hogg County","5,077",0,0,"0",0,"0",0,1,19.7,"2",39.4,"0",0,NA,NA,NA,NA,NA,6,"TX",6,6,0.771428571428571
48249,"Jim Wells County",20.1,32.9,NA,2.5824,0.3022,22.7747,4.6978,4.4505,40822,61,55,6.9,"Jim Wells County","42,890",15,35,"1",2.3,"25",58.3,13,30.3,"6",14,"22",51.3,"Micropolitan Statistical Area","Central",10860,"Alice, TX","Micropolitan Statistical Area-Central",4,"TX",5,5,0.942857142857143
48251,"Johnson County",9.5,11.7,NA,1.5045,0.2075,22.5673,4.2911,3.1127,171361,805,623,3.2,"Johnson County","171,701",27,15.7,"30",17.5,"108",62.9,22,12.8,"49",28.5,"64",37.3,"Metropolitan Statistical Area","Central",19100,"Dallas-Fort Worth-Arlington, TX","Metropolitan Statistical Area-Central",1,"TX",2,1,0.942857142857143
48253,"Jones County",19.5,21.2,NA,1.7008,NA,16.0052,2.0933,2.9655,19817,35,22,4,"Jones County","19,735",3,15.2,"0",0,"5",25.3,3,15.2,"2",10.1,"4",20.3,"Metropolitan Statistical Area","Outlying",10180,"Abilene, TX","Metropolitan Statistical Area-Outlying",3,"TX",4,2,0.914285714285714
48255,"Karnes County",17.5,22.9,NA,1.8519,NA,17.5381,2.342,4.4118,15650,10,NA,3.1,"Karnes County","15,393",3,19.5,"0",0,"5",32.5,1,6.5,"4",26,"5",32.5,NA,NA,NA,NA,NA,6,"TX",6,4,0.742857142857143
48257,"Kaufman County",9.2,12.7,NA,1.7758,0.1758,21.0989,4.0527,2.9099,128622,422,364,3.4,"Kaufman County","125,134",38,30.4,"29",23.2,"81",64.7,19,15.2,"47",37.6,"43",34.4,"Metropolitan Statistical Area","Outlying",19100,"Dallas-Fort Worth-Arlington, TX","Metropolitan Statistical Area-Outlying",1,"TX",2,1,0.942857142857143
48259,"Kendall County",6.7,8.6,NA,1.6324,NA,15.8857,1.7533,1.9045,45641,55,39,2.7,"Kendall County","46,278",19,41.1,"7",15.1,"60",129.7,5,10.8,"9",19.4,"48",103.7,"Metropolitan Statistical Area","Outlying",41700,"San Antonio-New Braunfels, TX","Metropolitan Statistical Area-Outlying",1,"TX",2,1,0.914285714285714
48261,"Kenedy County",10.8,13.8,NA,NA,0,NA,NA,NA,442,1.23,0.99,4.3,"Kenedy County","476",0,0,"0",0,"0",0,0,0,"0",0,"0",0,"Micropolitan Statistical Area","Outlying",28780,"Kingsville, TX","Micropolitan Statistical Area-Outlying",9,"TX",5,8,0.828571428571429
48263,"Kent County",11.3,12.3,NA,NA,0,28.6822,NA,NA,726,5.33,3.75,2.3,"Kent County","795",0,0,"0",0,"0",0,1,125.8,"0",0,"0",0,NA,NA,NA,NA,NA,9,"TX",6,10,0.714285714285714
48265,"Kerr County",11.6,16.5,NA,1.99,NA,16.7868,1.8099,2.0587,52405,135,204,3.3,"Kerr County","52,267",58,111,"24",45.9,"72",137.8,5,9.6,"26",49.7,"53",101.4,"Micropolitan Statistical Area","Central",28500,"Kerrville, TX","Micropolitan Statistical Area-Central",4,"TX",5,3,0.914285714285714
48267,"Kimble County",15.7,32.7,NA,1.2422,NA,13.2505,1.5528,1.4493,4362,11,14,2.9,"Kimble County","4,344",0,0,"0",0,"0",0,0,0,"2",46,"2",46,NA,NA,NA,NA,NA,7,"TX",6,9,0.771428571428571
48269,"King County",12.4,21.3,NA,0,0,NA,NA,NA,277,43.98,25.12,0.6,"King County","309",0,0,"0",0,"0",0,0,0,"0",0,"0",0,NA,NA,NA,NA,NA,9,"TX",6,12,0.714285714285714
48271,"Kinney County",17.9,22.7,NA,2.0408,0,9.1837,NA,NA,3767,28,28,4.7,"Kinney County","3,462",0,0,"0",0,"0",0,0,0,"0",0,"0",0,NA,NA,NA,NA,NA,7,"TX",6,10,0.742857142857143
48273,"Kleberg County",20.8,30,NA,1.5103,NA,19.1304,3.524,4.2105,31129,91.77,74.01,4.9,"Kleberg County","30,987",14,45.2,"1",3.2,"24",77.5,8,25.8,"7",22.6,"18",58.1,"Micropolitan Statistical Area","Central",28780,"Kingsville, TX","Micropolitan Statistical Area-Central",4,"TX",5,5,0.914285714285714
48275,"Knox County",16.3,24.6,NA,2.4077,0,21.3483,3.3708,5.939,3653,8,4,3.4,"Knox County","3,937",0,0,"0",0,"1",25.4,1,25.4,"0",0,"1",25.4,NA,NA,NA,NA,NA,9,"TX",6,12,0.8
48277,"Lamar County",19.6,26.9,NA,1.754,0.2793,18.8694,6.2786,3.2845,49728,152,82,4,"Lamar County","50,014",5,10,"12",24,"31",62,19,38,"18",36,"37",74,"Micropolitan Statistical Area","Central",37580,"Paris, TX","Micropolitan Statistical Area-Central",5,"TX",5,8,0.942857142857143
48279,"Lamb County",17.6,24.5,NA,1.0465,NA,14.9419,1.9186,2.1512,13158,43,39,3.6,"Lamb County","12,776",1,7.8,"0",0,"5",39.1,3,23.5,"2",15.7,"5",39.1,NA,NA,NA,NA,NA,6,"TX",6,6,0.771428571428571
48281,"Lampasas County",10,18,NA,1.7651,NA,17.4985,2.4954,2.1911,21229,27,26,3.3,"Lampasas County","21,037",8,38,"5",23.8,"15",71.3,1,4.8,"7",33.3,"8",38,"Metropolitan Statistical Area","Outlying",28660,"Killeen-Temple, TX","Metropolitan Statistical Area-Outlying",2,"TX",3,2,0.914285714285714
48283,"La Salle County",24,28.3,NA,2.1605,0,11.7284,1.6975,3.7037,7531,NA,NA,2.7,"La Salle County","8,309",1,12,"0",0,"2",24.1,0,0,"0",0,"1",12,NA,NA,NA,NA,NA,6,"TX",6,6,0.742857142857143
48285,"Lavaca County",10.6,14.5,NA,1.6277,0,20.0407,2.8484,3.586,20110,29,22,3.2,"Lavaca County","20,735",1,4.8,"1",4.8,"6",28.9,4,19.3,"1",4.8,"13",62.7,NA,NA,NA,NA,NA,6,"TX",6,6,0.8
48287,"Lee County",10.6,15,NA,2.2546,NA,17.595,3.3599,3.1388,17144,44,20,3.2,"Lee County","17,595",4,22.7,"0",0,"11",62.5,2,11.4,"3",17.1,"4",22.7,NA,NA,NA,NA,NA,6,"TX",6,4,0.771428571428571
48289,"Leon County",13.8,17.9,NA,1.5291,NA,16.1774,2.8135,1.6514,17270,30,19,5.1,"Leon County","17,707",2,11.3,"0",0,"2",11.3,3,16.9,"1",5.6,"4",22.6,NA,NA,NA,NA,NA,8,"TX",6,7,0.771428571428571
48291,"Liberty County",14.4,20,NA,1.8196,NA,18.3333,5.948,3.1346,86323,225,122,6.5,"Liberty County","85,284",11,12.9,"4",4.7,"20",23.5,3,3.5,"4",4.7,"31",36.3,"Metropolitan Statistical Area","Outlying",26420,"Houston-The Woodlands-Sugar Land, TX","Metropolitan Statistical Area-Outlying",1,"TX",2,1,0.914285714285714
48293,"Limestone County",16.8,19.7,NA,1.5054,0.6726,23.3824,3.0109,5.8296,23519,839,132,4.5,"Limestone County","23,544",3,12.7,"0",0,"10",42.5,8,34,"3",12.7,"18",76.5,NA,NA,NA,NA,NA,6,"TX",6,6,0.8
48295,"Lipscomb County",11.3,14.8,NA,NA,0,11.4471,NA,NA,3355,3,2,2.4,"Lipscomb County","3,651",0,0,"0",0,"2",54.8,0,0,"0",0,"0",0,NA,NA,NA,NA,NA,9,"TX",6,12,0.714285714285714
48297,"Live Oak County",17,23.8,NA,2.0492,NA,17.459,4.0164,3.6066,12166,46.27,41.54,4.6,"Live Oak County","12,030",1,8.3,"0",0,"6",49.9,1,8.3,"0",0,"1",8.3,NA,NA,NA,NA,NA,8,"TX",6,7,0.771428571428571
48299,"Llano County",10.9,20.3,NA,2.6365,NA,17.535,3.892,1.2346,21646,40,35,3.6,"Llano County","19,452",3,15.4,"1",5.1,"4",20.6,2,10.3,"2",10.3,"12",61.7,NA,NA,NA,NA,NA,7,"TX",6,11,0.771428571428571
48301,"Loving County",3.9,11.3,NA,0,0,0,NA,0,152,1.77,1.38,0.8,"Loving County","92",0,0,"0",0,"0",0,0,0,"0",0,"0",0,"Micropolitan Statistical Area","Outlying",37780,"Pecos, TX","Micropolitan Statistical Area-Outlying",9,"TX",6,12,0.914285714285714
48303,"Lubbock County",15.8,18.4,NA,1.6691,0.2669,19.3921,2.5176,2.8602,307412,1211,1174,3,"Lubbock County","317,210",108,34,"66",20.8,"379",119.5,160,50.4,"123",38.8,"274",86.4,"Metropolitan Statistical Area","Central",31180,"Lubbock, TX","Metropolitan Statistical Area-Central",2,"TX",3,2,0.942857142857143
48305,"Lynn County",14.4,19.6,NA,NA,0,17.4515,1.8006,1.5235,5877,15,44,2.9,"Lynn County","5,588",1,17.9,"0",0,"5",89.5,0,0,"0",0,"6",107.4,"Metropolitan Statistical Area","Outlying",31180,"Lubbock, TX","Metropolitan Statistical Area-Outlying",2,"TX",3,2,0.914285714285714
48307,"McCulloch County",16.2,27.1,NA,1.3816,NA,15.6579,1.5132,2.0395,7987,21,16,4.4,"McCulloch County","8,660",2,23.1,"0",0,"7",80.8,1,11.5,"2",23.1,"5",57.7,NA,NA,NA,NA,NA,7,"TX",6,9,0.771428571428571
48309,"McLennan County",17,20.7,NA,1.9419,0.1402,21.3053,2.7195,3.8073,254607,1562,1241,3.4,"McLennan County","253,066",63,24.9,"173",68.4,"220",86.9,80,31.6,"196",77.5,"222",87.7,"Metropolitan Statistical Area","Central",47380,"Waco, TX","Metropolitan Statistical Area-Central",2,"TX",3,2,0.942857142857143
48311,"McMullen County",9.7,12,NA,0,0,13.6364,NA,NA,749,2.73,2.46,2,"McMullen County","783",0,0,"0",0,"1",127.7,0,0,"0",0,"0",0,NA,NA,NA,NA,NA,9,"TX",6,12,0.742857142857143
48313,"Madison County",17.4,21.6,NA,1.8385,NA,21.7334,3.086,2.6921,14422,36,17,4,"Madison County","14,527",1,6.9,"0",0,"2",13.8,3,20.7,"1",6.9,"8",55.1,NA,NA,NA,NA,NA,6,"TX",6,6,0.771428571428571
48315,"Marion County",20,31.1,NA,1.5419,0,20.9251,4.13,3.1388,9928,33,28,5.1,"Marion County","10,294",1,9.7,"0",0,"4",38.9,3,29.1,"0",0,"1",9.7,NA,NA,NA,NA,NA,8,"TX",6,7,0.8
48317,"Martin County",11.1,17,NA,2.439,0,18.1185,2.439,3.1359,5753,7,4,3.2,"Martin County","6,044",0,0,"0",0,"0",0,0,0,"1",16.5,"3",49.6,"Metropolitan Statistical Area","Outlying",33260,"Midland, TX","Metropolitan Statistical Area-Outlying",3,"TX",4,2,0.942857142857143
48319,"Mason County",9.8,20.1,NA,1.7957,0,15.8249,NA,NA,4280,2,0,3,"Mason County","3,899",1,25.6,"0",0,"2",51.3,0,0,"1",25.6,"2",51.3,NA,NA,NA,NA,NA,9,"TX",6,10,0.742857142857143
48321,"Matagorda County",17.3,24,NA,2.1938,NA,16.7733,3.0393,3.1993,36552,120,119,6.2,"Matagorda County","37,064",4,10.8,"2",5.4,"11",29.7,4,10.8,"3",8.1,"19",51.3,"Micropolitan Statistical Area","Central",13060,"Bay City, TX","Micropolitan Statistical Area-Central",4,"TX",5,3,0.914285714285714
48323,"Maverick County",20,27.9,NA,2.0872,NA,14.1819,1.025,2.3668,58485,102,18,10.2,"Maverick County","59,938",3,5,"2",3.3,"12",20,9,15,"7",11.7,"28",46.7,"Micropolitan Statistical Area","Central",20580,"Eagle Pass, TX","Micropolitan Statistical Area-Central",5,"TX",5,8,0.914285714285714
48325,"Medina County",11.2,17.2,NA,1.7091,NA,16.4944,3.5771,3.4579,50921,78,63,3.4,"Medina County","50,594",14,27.7,"7",13.8,"24",47.4,4,7.9,"10",19.8,"20",39.5,"Metropolitan Statistical Area","Outlying",41700,"San Antonio-New Braunfels, TX","Metropolitan Statistical Area-Outlying",1,"TX",2,1,0.914285714285714
48327,"Menard County",19.1,34.5,NA,NA,0,14.2268,2.6804,NA,2139,5,2,3.7,"Menard County","2,188",0,0,"0",0,"1",45.7,0,0,"0",0,"1",45.7,NA,NA,NA,NA,NA,9,"TX",6,12,0.742857142857143
48329,"Midland County",9.7,13.1,NA,1.8557,0.1354,17.3622,2.0787,2.23,172578,464,399,3.5,"Midland County","187,364",49,26.2,"19",10.1,"129",68.8,36,19.2,"22",11.7,"106",56.6,"Metropolitan Statistical Area","Central",33260,"Midland, TX","Metropolitan Statistical Area-Central",3,"TX",4,2,0.942857142857143
48331,"Milam County",17.4,24,NA,2.2762,NA,18.056,5.9982,2.1839,25131,105,67,3.9,"Milam County","24,635",2,8.1,"1",4.1,"8",32.5,2,8.1,"1",4.1,"6",24.4,NA,NA,NA,NA,NA,6,"TX",6,4,0.771428571428571
48333,"Mills County",14.4,22.8,NA,1.8059,0,16.14,3.4989,2.2573,4921,4,4,3.7,"Mills County","4,870",1,20.5,"2",41.1,"7",143.7,3,61.6,"0",0,"2",41.1,NA,NA,NA,NA,NA,9,"TX",6,10,0.8
48335,"Mitchell County",18.7,21.9,NA,1.8692,NA,16.3032,2.3884,2.9076,8145,16,36,4.9,"Mitchell County","9,865",1,10.1,"0",0,"1",10.1,1,10.1,"0",0,"4",40.5,NA,NA,NA,NA,NA,7,"TX",6,9,0.771428571428571
48337,"Montague County",12.4,18.2,NA,1.3454,NA,16.3519,2.9237,2.6908,19596,61,52,3.2,"Montague County","19,199",1,5.2,"1",5.2,"6",31.3,5,26,"2",10.4,"8",41.7,NA,NA,NA,NA,NA,6,"TX",6,4,0.771428571428571
48339,"Montgomery County",8.2,10.9,NA,1.6004,0.1593,17.0111,2.9875,2.1486,590925,939,750,4,"Montgomery County","613,951",84,13.7,"93",15.1,"429",69.9,34,5.5,"110",17.9,"581",94.6,"Metropolitan Statistical Area","Outlying",26420,"Houston-The Woodlands-Sugar Land, TX","Metropolitan Statistical Area-Outlying",1,"TX",2,1,0.942857142857143
48341,"Moore County",10.6,14.8,NA,1.473,NA,17.2941,1.4184,2.2913,21485,39,26,2.3,"Moore County","21,575",1,4.6,"0",0,"3",13.9,3,13.9,"3",13.9,"15",69.5,"Micropolitan Statistical Area","Central",20300,"Dumas, TX","Micropolitan Statistical Area-Central",7,"TX",5,8,0.914285714285714
48343,"Morris County",17,25.1,NA,1.5238,NA,18.381,4.2857,3.7143,12339,27,13,7.4,"Morris County","12,448",0,0,"1",8,"5",40.2,3,24.1,"2",16.1,"4",32.1,NA,NA,NA,NA,NA,6,"TX",6,6,0.771428571428571
48345,"Motley County",16.3,27.5,NA,NA,0,12.8906,NA,NA,1234,NA,NA,4.1,"Motley County","1,172",0,0,"0",0,"0",0,0,0,"0",0,"0",0,NA,NA,NA,NA,NA,9,"TX",6,12,0.657142857142857
48347,"Nacogdoches County",19.5,23.5,NA,1.6587,NA,15.7643,3.0122,2.9061,65711,233,0,3.8,"Nacogdoches County","64,106",10,15.6,"23",35.9,"76",118.6,29,45.2,"37",57.7,"58",90.5,"Micropolitan Statistical Area","Central",34860,"Nacogdoches, TX","Micropolitan Statistical Area-Central",5,"TX",5,8,0.914285714285714
48349,"Navarro County",14.8,21.9,NA,1.8321,0.2703,21.5948,3.1987,3.7243,49565,211,218,3.7,"Navarro County","47,985",5,10.4,"7",14.6,"30",62.5,11,22.9,"6",12.5,"25",52.1,"Micropolitan Statistical Area","Central",18620,"Corsicana, TX","Micropolitan Statistical Area-Central",4,"TX",5,3,0.942857142857143
48351,"Newton County",21.3,27.9,NA,1.7284,0,21.7284,9.2593,3.2716,13746,579,154,7.4,"Newton County","13,724",1,7.3,"1",7.3,"1",7.3,1,7.3,"4",29.1,"3",21.9,NA,NA,NA,NA,NA,2,"TX",3,2,0.8
48353,"Nolan County",17.2,24.4,NA,1.7234,NA,21.3605,2.5397,3.4014,14751,43,31,3.4,"Nolan County","15,642",5,32,"1",6.4,"8",51.1,3,19.2,"0",0,"8",51.1,"Micropolitan Statistical Area","Central",45020,"Sweetwater, TX","Micropolitan Statistical Area-Central",6,"TX",5,5,0.914285714285714
48355,"Nueces County",17.5,25.9,NA,2.2108,0.2916,19.0051,5.4574,4.1866,362265,1044,500,5,"Nueces County","383,718",129,33.6,"62",16.2,"363",94.6,86,22.4,"101",26.3,"363",94.6,"Metropolitan Statistical Area","Central",18580,"Corpus Christi, TX","Metropolitan Statistical Area-Central",2,"TX",3,2,0.942857142857143
48357,"Ochiltree County",9.2,14.2,NA,1.0837,0,9.8522,NA,1.8719,9947,25,25,3.1,"Ochiltree County","11,309",0,0,"0",0,"3",26.5,1,8.8,"0",0,"6",53.1,NA,NA,NA,NA,NA,7,"TX",6,11,0.771428571428571
48359,"Oldham County",14,28.8,NA,NA,0,11.0266,NA,NA,2131,7,4,2.7,"Oldham County","2,200",0,0,"2",90.9,"6",272.7,1,45.5,"1",45.5,"0",0,"Metropolitan Statistical Area","Outlying",11100,"Amarillo, TX","Metropolitan Statistical Area-Outlying",2,"TX",3,2,0.857142857142857
48361,"Orange County",15.1,21.1,NA,1.4085,0.2074,18.9868,6.5728,2.7951,83572,181,103,6.4,"Orange County","86,155",12,13.9,"3",3.5,"22",25.5,11,12.8,"6",7,"22",25.5,"Metropolitan Statistical Area","Central",13140,"Beaumont-Port Arthur, TX","Metropolitan Statistical Area-Central",2,"TX",3,2,0.942857142857143
48363,"Palo Pinto County",13.9,20.9,NA,2.0349,NA,20.5264,3.539,2.8091,28875,97,81,3.9,"Palo Pinto County","27,859",4,14.4,"4",14.4,"4",14.4,3,10.8,"9",32.3,"16",57.4,"Micropolitan Statistical Area","Central",33420,"Mineral Wells, TX","Micropolitan Statistical Area-Central",6,"TX",5,3,0.914285714285714
48365,"Panola County",15.3,19.5,NA,1.4339,NA,14.1521,2.8367,1.7768,23148,43,35,4.8,"Panola County","24,576",1,4.1,"3",12.2,"5",20.3,3,12.2,"4",16.3,"6",24.4,NA,NA,NA,NA,NA,6,"TX",6,6,0.771428571428571
48367,"Parker County",8,9.8,NA,1.7363,NA,19.2668,3.5823,2.6464,138371,425,363,3,"Parker County","135,621",25,18.4,"14",10.3,"91",67.1,18,13.3,"47",34.7,"68",50.1,"Metropolitan Statistical Area","Outlying",19100,"Dallas-Fort Worth-Arlington, TX","Metropolitan Statistical Area-Outlying",1,"TX",2,1,0.914285714285714
48369,"Parmer County",12.2,17.7,NA,NA,0,12.7256,1.3538,1.1733,9864,32,0,1.9,"Parmer County","9,200",0,0,"0",0,"0",0,1,10.9,"0",0,"2",21.7,NA,NA,NA,NA,NA,7,"TX",6,9,0.771428571428571
48371,"Pecos County",16.5,19.7,NA,1.2574,NA,12.9054,1.456,2.7134,15673,27,31,5,"Pecos County","16,533",3,18.1,"0",0,"1",6,2,12.1,"1",6,"8",48.4,NA,NA,NA,NA,NA,7,"TX",6,11,0.771428571428571
48373,"Polk County",15,22.9,NA,1.8247,NA,15.6747,2.3547,1.9115,50031,955,215,6,"Polk County","49,080",5,10.2,"6",12.2,"22",44.8,7,14.3,"7",14.3,"30",61.1,NA,NA,NA,NA,NA,6,"TX",6,4,0.771428571428571
48375,"Potter County",20.8,29.2,NA,2.4616,0.2372,18.981,3.2385,2.9686,119648,612,461,3,"Potter County","122,706",32,26.1,"43",35,"139",113.3,63,51.3,"53",43.2,"141",114.9,"Metropolitan Statistical Area","Central",11100,"Amarillo, TX","Metropolitan Statistical Area-Central",2,"TX",3,2,0.942857142857143
48377,"Presidio County",19.4,32.4,NA,1.2397,0,8.4298,NA,NA,6948,73,76,7,"Presidio County","5,906",0,0,"1",16.9,"3",50.8,0,0,"0",0,"3",50.8,NA,NA,NA,NA,NA,7,"TX",6,11,0.742857142857143
48379,"Rains County",13.6,20.3,NA,2.207,NA,20.4022,4.6101,2.5012,12159,22,20,2.9,"Rains County","11,378",0,0,"0",0,"2",17.6,2,17.6,"1",8.8,"1",8.8,NA,NA,NA,NA,NA,8,"TX",6,4,0.771428571428571
48381,"Randall County",9.6,11.6,NA,1.4556,0.1348,17.6629,2.0284,1.9004,136271,364,179,2.5,"Randall County","138,104",21,15.2,"21",15.2,"137",99.2,51,36.9,"78",56.5,"44",31.9,"Metropolitan Statistical Area","Central",11100,"Amarillo, TX","Metropolitan Statistical Area-Central",2,"TX",3,2,0.942857142857143
48383,"Reagan County",8.3,10.1,NA,NA,0,13.2013,3.9604,NA,3741,78,17,4.7,"Reagan County","4,226",0,0,"0",0,"0",0,0,0,"0",0,"2",47.3,NA,NA,NA,NA,NA,6,"TX",6,6,0.742857142857143
48385,"Real County",16.4,32.1,NA,2.1965,0,16.763,2.0809,5.5491,3478,NA,NA,4.5,"Real County","3,407",0,0,"1",29.4,"0",0,1,29.4,"1",29.4,"0",0,NA,NA,NA,NA,NA,9,"TX",6,10,0.742857142857143
48387,"Red River County",15.7,25.6,NA,1.5564,NA,18.249,6.537,2.8016,12175,31,26,4.5,"Red River County","12,610",0,0,"2",15.9,"5",39.7,6,47.6,"2",15.9,"2",15.9,NA,NA,NA,NA,NA,6,"TX",6,6,0.771428571428571
48389,"Reeves County",19,20.5,NA,1.865,NA,12.7331,1.4148,2.8296,15695,61,28,3.5,"Reeves County","15,707",1,6.4,"1",6.4,"1",6.4,1,6.4,"1",6.4,"8",50.9,"Micropolitan Statistical Area","Central",37780,"Pecos, TX","Micropolitan Statistical Area-Central",7,"TX",5,8,0.914285714285714
48391,"Refugio County",15.3,23.7,NA,2.2065,NA,18.6231,3.1774,4.9426,7032,38,38,4.7,"Refugio County","7,573",1,13.2,"0",0,"3",39.6,0,0,"0",0,"3",39.6,NA,NA,NA,NA,NA,6,"TX",6,6,0.771428571428571
48393,"Roberts County",6.4,9.1,NA,0,0,17.2932,NA,NA,903,1.11,0.18,3.7,"Roberts County","983",0,0,"0",0,"0",0,1,101.7,"0",0,"0",0,"Micropolitan Statistical Area","Outlying",37420,"Pampa, TX","Micropolitan Statistical Area-Outlying",9,"TX",6,10,0.885714285714286
48395,"Robertson County",14.2,23.2,NA,1.9682,NA,20.6449,2.5126,3.0988,17284,28,8,3.5,"Robertson County","16,888",1,5.9,"1",5.9,"5",29.6,4,23.7,"4",23.7,"0",0,"Metropolitan Statistical Area","Outlying",17780,"College Station-Bryan, TX","Metropolitan Statistical Area-Outlying",3,"TX",4,2,0.914285714285714
48397,"Rockwall County",4.8,6.4,NA,1.3517,0.1833,19.5304,3.0355,2.8179,100657,258,208,3,"Rockwall County","102,243",11,10.8,"28",27.4,"102",99.8,12,11.7,"26",25.4,"94",91.9,"Metropolitan Statistical Area","Central",19100,"Dallas-Fort Worth-Arlington, TX","Metropolitan Statistical Area-Central",1,"TX",2,1,0.942857142857143
48399,"Runnels County",14.3,21.4,NA,1.8803,0,20.188,2.7709,2.8204,10234,27.98,16.66,2.8,"Runnels County","11,009",1,9.1,"2",18.2,"2",18.2,2,18.2,"4",36.3,"9",81.8,NA,NA,NA,NA,NA,6,"TX",6,6,0.8
48401,"Rusk County",14.2,18.1,NA,1.3092,NA,17.418,2.8008,2.6516,54450,89,77,4.1,"Rusk County","52,767",26,49.3,"0",0,"21",39.8,8,15.2,"10",19,"22",41.7,"Metropolitan Statistical Area","Outlying",30980,"Longview, TX","Metropolitan Statistical Area-Outlying",3,"TX",4,2,0.914285714285714
48403,"Sabine County",16,25.4,NA,1.7893,NA,17.2167,4.0557,2.4254,10589,14,15,7,"Sabine County","9,936",1,10.1,"0",0,"2",20.1,1,10.1,"1",10.1,"3",30.2,NA,NA,NA,NA,NA,8,"TX",6,7,0.771428571428571
48405,"San Augustine County",19.6,29.7,NA,2.0347,NA,21.9031,2.5135,3.471,8232,20,16,5.8,"San Augustine County","8,405",0,0,"0",0,"1",11.9,1,11.9,"2",23.8,"2",23.8,NA,NA,NA,NA,NA,9,"TX",6,10,0.771428571428571
48407,"San Jacinto County",16.1,26.1,NA,1.7296,0,17.5786,5.2201,2.5786,28719,61,51,5.1,"San Jacinto County","28,844",1,3.5,"2",6.9,"2",6.9,1,3.5,"2",6.9,"4",13.9,NA,NA,NA,NA,NA,8,"TX",6,4,0.8
48409,"San Patricio County",14.8,21.6,NA,2.4099,NA,19.6645,5.9186,2.7376,66893,221,194,6.9,"San Patricio County","71,325",16,22.4,"5",7,"22",30.8,7,9.8,"8",11.2,"22",30.8,"Metropolitan Statistical Area","Central",18580,"Corpus Christi, TX","Metropolitan Statistical Area-Central",2,"TX",3,2,0.914285714285714
48411,"San Saba County",17.4,26.1,NA,1.581,NA,14.1304,1.6798,2.3715,6054,5,1,3.3,"San Saba County","5,873",2,34.1,"0",0,"3",51.1,1,17,"1",17,"1",17,NA,NA,NA,NA,NA,7,"TX",6,9,0.771428571428571
48413,"Schleicher County",13.2,19,NA,NA,0,13.3489,2.8103,3.5129,2895,9,7,3.7,"Schleicher County","3,312",0,0,"0",0,"1",30.2,0,0,"0",0,"1",30.2,NA,NA,NA,NA,NA,8,"TX",6,7,0.771428571428571
48415,"Scurry County",13.8,17.6,NA,1.7259,NA,15.6345,2.8426,2.9949,16866,45.39,12.55,4.4,"Scurry County","18,368",2,10.9,"1",5.4,"3",16.3,2,10.9,"0",0,"13",70.8,"Micropolitan Statistical Area","Central",43660,"Snyder, TX","Micropolitan Statistical Area-Central",7,"TX",5,8,0.914285714285714
48417,"Shackelford County",12.5,15.8,NA,NA,0,22.3301,2.5243,2.3301,3253,16,11,2.5,"Shackelford County","3,405",1,29.4,"0",0,"2",58.7,0,0,"0",0,"1",29.4,NA,NA,NA,NA,NA,8,"TX",6,7,0.771428571428571
48419,"Shelby County",18,24.4,NA,1.7165,NA,16.9577,4.4096,2.4859,25418,55,28,3.7,"Shelby County","25,545",0,0,"3",11.7,"18",70.5,6,23.5,"7",27.4,"4",15.7,NA,NA,NA,NA,NA,7,"TX",6,9,0.771428571428571
48421,"Sherman County",11.3,16.9,NA,NA,0,13.1034,NA,NA,3079,2,0,2.2,"Sherman County","3,276",0,0,"0",0,"0",0,1,30.5,"0",0,"0",0,NA,NA,NA,NA,NA,9,"TX",6,10,0.714285714285714
48423,"Smith County",12.7,18.2,NA,1.7074,0.1929,18.8819,3.3899,2.5362,230221,804,421,3.5,"Smith County","235,143",72,30.6,"44",18.7,"212",90.2,86,36.6,"72",30.6,"284",120.8,"Metropolitan Statistical Area","Central",46340,"Tyler, TX","Metropolitan Statistical Area-Central",3,"TX",4,2,0.942857142857143
48425,"Somervell County",8.3,12.8,NA,1.5803,NA,21.9491,2.4583,2.8973,9016,40,27,3.4,"Somervell County","9,294",0,0,"0",0,"5",53.8,4,43,"3",32.3,"9",96.8,NA,NA,NA,NA,NA,1,"TX",2,1,0.771428571428571
48427,"Starr County",25.2,35.3,NA,1.4763,NA,21.2032,2.8972,3.2109,64525,205,0,13.4,"Starr County","64,731",5,7.7,"0",0,"19",29.4,10,15.4,"8",12.4,"17",26.3,"Micropolitan Statistical Area","Central",40100,"Rio Grande City-Roma, TX","Micropolitan Statistical Area-Central",4,"TX",5,5,0.914285714285714
48429,"Stephens County",15.6,23.5,NA,2.4691,NA,22.085,2.9492,2.2634,9433,32,23,3.2,"Stephens County","9,570",17,177.6,"0",0,"5",52.2,2,20.9,"0",0,"7",73.1,NA,NA,NA,NA,NA,7,"TX",6,11,0.771428571428571
48431,"Sterling County",10.2,13.5,NA,NA,0,14.4509,NA,NA,1311,2.56,1.31,3.6,"Sterling County","1,252",0,0,"0",0,"0",0,0,0,"1",79.9,"0",0,"Metropolitan Statistical Area","Outlying",41660,"San Angelo, TX","Metropolitan Statistical Area-Outlying",8,"TX",6,7,0.857142857142857
48433,"Stonewall County",14.3,22.5,NA,NA,0,21.2544,NA,NA,1362,2,2,3.3,"Stonewall County","1,523",0,0,"0",0,"0",0,1,65.7,"0",0,"1",65.7,NA,NA,NA,NA,NA,9,"TX",6,12,0.714285714285714
48435,"Sutton County",11.7,17.3,NA,1.8425,NA,10.2178,NA,NA,3758,7,2,5.7,"Sutton County","4,381",1,22.8,"0",0,"0",0,0,0,"0",0,"2",45.7,NA,NA,NA,NA,NA,7,"TX",6,11,0.714285714285714
48437,"Swisher County",19.6,27.2,NA,2.0499,0,13.0125,1.426,1.9608,7462,13,13,3.3,"Swisher County","7,414",0,0,"1",13.5,"1",13.5,1,13.5,"0",0,"4",54,NA,NA,NA,NA,NA,6,"TX",6,6,0.8
48439,"Tarrant County",10.5,15.4,NA,1.9166,0.2814,20.7678,4.0888,3.1752,2084931,3501,2519,3.5,"Tarrant County","2,143,755",375,17.5,"754",35.2,"1,826",85.2,415,19.4,"1,365",63.7,"1,793",83.6,"Metropolitan Statistical Area","Central",19100,"Dallas-Fort Worth-Arlington, TX","Metropolitan Statistical Area-Central",1,"TX",1,1,0.942857142857143
48441,"Taylor County",12.2,16.9,NA,2.1353,0.455,19.8483,3.4213,4.0279,137640,547,416,3.1,"Taylor County","139,457",55,39.4,"35",25.1,"200",143.4,68,48.8,"92",66,"122",87.5,"Metropolitan Statistical Area","Central",10180,"Abilene, TX","Metropolitan Statistical Area-Central",3,"TX",4,2,0.942857142857143
48443,"Terrell County",14,13.2,NA,NA,0,14.2857,NA,NA,823,2,1,3.1,"Terrell County","1,054",0,0,"0",0,"0",0,0,0,"0",0,"0",0,NA,NA,NA,NA,NA,9,"TX",6,12,0.714285714285714
48445,"Terry County",18.5,27.4,NA,1.7771,NA,15.4281,1.8578,4.8465,12287,77,65,4,"Terry County","13,040",1,7.7,"0",0,"0",0,1,7.7,"0",0,"4",30.7,NA,NA,NA,NA,NA,6,"TX",6,6,0.771428571428571
48447,"Throckmorton County",13.5,27.7,NA,NA,0,11.7089,3.481,NA,1515,86.23,75.45,1.9,"Throckmorton County","1,519",0,0,"0",0,"1",65.8,0,0,"0",0,"1",65.8,NA,NA,NA,NA,NA,9,"TX",6,12,0.742857142857143
48449,"Titus County",14.3,21.4,NA,1.4462,0.3385,17.1385,3.0154,5.8462,33033,119,87,3.7,"Titus County","32,953",1,3,"4",12.1,"25",75.9,10,30.3,"14",42.5,"30",91,"Micropolitan Statistical Area","Central",34420,"Mount Pleasant, TX","Micropolitan Statistical Area-Central",7,"TX",5,8,0.942857142857143
48451,"Tom Green County",12,16.6,NA,2.0669,0.4011,17.9426,3.6375,3.4063,118189,454.49,321.11,3.3,"Tom Green County","123,276",41,33.3,"33",26.8,"125",101.4,42,34.1,"40",32.4,"126",102.2,"Metropolitan Statistical Area","Central",41660,"San Angelo, TX","Metropolitan Statistical Area-Central",3,"TX",4,2,0.942857142857143
48453,"Travis County",10.2,10.9,NA,2.4612,0.2881,18.503,3.0947,3.3085,1248743,2441,1784,2.7,"Travis County","1,291,502",386,29.9,"1,451",112.3,"1,698",131.5,176,13.6,"1,239",95.9,"1,321",102.3,"Metropolitan Statistical Area","Central",12420,"Austin-Round Rock-Georgetown, TX","Metropolitan Statistical Area-Central",1,"TX",1,1,0.942857142857143
48455,"Trinity County",16.8,26.5,NA,1.5468,NA,15.2359,3.4803,2.3202,14740,7,4,5.4,"Trinity County","14,233",2,14.1,"0",0,"3",21.1,0,0,"0",0,"3",21.1,NA,NA,NA,NA,NA,7,"TX",5,8,0.771428571428571
48457,"Tyler County",18.9,27.9,NA,1.7354,NA,17.1367,6.1667,2.82,21696,34,29,6,"Tyler County","21,343",1,4.7,"0",0,"6",28.1,4,18.7,"4",18.7,"3",14.1,NA,NA,NA,NA,NA,6,"TX",6,6,0.771428571428571
48459,"Upshur County",12.6,17.8,NA,1.572,NA,18.8636,3.2008,2.2159,41260,200,148,4.4,"Upshur County","41,655",8,19.2,"4",9.6,"16",38.4,8,19.2,"2",4.8,"7",16.8,"Metropolitan Statistical Area","Outlying",30980,"Longview, TX","Metropolitan Statistical Area-Outlying",3,"TX",4,2,0.914285714285714
48461,"Upton County",12.1,17,NA,NA,0,16.0326,NA,NA,3671,47,29,3.7,"Upton County","3,983",0,0,"0",0,"0",0,0,0,"0",0,"2",50.2,NA,NA,NA,NA,NA,8,"TX",6,7,0.714285714285714
48463,"Uvalde County",19,30.7,NA,1.7507,0,14.4884,1.811,1.9318,26846,129,84,3.9,"Uvalde County","27,937",5,17.9,"1",3.6,"15",53.7,3,10.7,"6",21.5,"15",53.7,"Micropolitan Statistical Area","Central",46620,"Uvalde, TX","Micropolitan Statistical Area-Central",6,"TX",5,3,0.942857142857143
48465,"Val Verde County",15.6,24.3,NA,1.5934,NA,14.8589,1.3822,1.5166,49208,1160,1182,4.4,"Val Verde County","48,253",2,4.1,"8",16.6,"8",16.6,2,4.1,"5",10.4,"23",47.7,"Micropolitan Statistical Area","Central",19620,"Del Rio, TX","Micropolitan Statistical Area-Central",5,"TX",5,8,0.914285714285714
48467,"Van Zandt County",12.9,17.7,NA,1.4054,NA,20.6508,3.2287,2.2917,56019,158,152,3.1,"Van Zandt County","55,469",18,32.5,"5",9,"22",39.7,9,16.2,"8",14.4,"11",19.8,NA,NA,NA,NA,NA,6,"TX",6,4,0.771428571428571
48469,"Victoria County",16.5,24.4,NA,2.9577,0.1217,18.757,2.6582,3.3602,92035,392,350,4.3,"Victoria County","97,744",17,17.4,"14",14.3,"82",83.9,14,14.3,"32",32.7,"87",89,"Metropolitan Statistical Area","Central",47020,"Victoria, TX","Metropolitan Statistical Area-Central",3,"TX",4,2,0.942857142857143
48471,"Walker County",18,20.8,NA,1.2736,NA,15.6117,3.763,2.8946,72480,63,92,4.5,"Walker County","73,997",22,29.7,"8",10.8,"79",106.8,12,16.2,"10",13.5,"38",51.4,"Micropolitan Statistical Area","Central",26660,"Huntsville, TX","Micropolitan Statistical Area-Central",4,"TX",5,3,0.914285714285714
48473,"Waller County",12.6,17.4,NA,1.643,NA,15.6224,2.005,2.6177,53126,85,69,4.2,"Waller County","50,731",6,11.8,"7",13.8,"19",37.5,4,7.9,"6",11.8,"5",9.9,"Metropolitan Statistical Area","Outlying",26420,"Houston-The Woodlands-Sugar Land, TX","Metropolitan Statistical Area-Outlying",1,"TX",2,1,0.914285714285714
48475,"Ward County",9.8,14.4,NA,1.8972,0,15.8103,1.7391,2.4506,11720,43,26,4.5,"Ward County","13,592",1,7.4,"0",0,"1",7.4,1,7.4,"0",0,"1",7.4,NA,NA,NA,NA,NA,6,"TX",6,6,0.8
48477,"Washington County",11.7,17.6,NA,1.3156,0.6322,14.4712,1.7427,2.3407,35108,84,88,3.6,"Washington County","35,155",4,11.4,"4",11.4,"16",45.5,6,17.1,"11",31.3,"28",79.6,"Micropolitan Statistical Area","Central",14780,"Brenham, TX","Micropolitan Statistical Area-Central",6,"TX",5,3,0.942857142857143
48479,"Webb County",19.9,30.3,NA,2.0956,0.3276,14.5442,1.4976,2.3244,275910,544,461,4.3,"Webb County","276,183",94,34,"8",2.9,"125",45.3,35,12.7,"40",14.5,"116",42,"Metropolitan Statistical Area","Central",29700,"Laredo, TX","Metropolitan Statistical Area-Central",2,"TX",3,2,0.942857142857143
48481,"Wharton County",13.8,20.6,NA,1.5457,0.2728,14.8754,1.4184,3.2551,41619,130,121,3.8,"Wharton County","41,941",1,2.4,"7",16.7,"25",59.6,6,14.3,"4",9.5,"23",54.8,"Micropolitan Statistical Area","Central",20900,"El Campo, TX","Micropolitan Statistical Area-Central",4,"TX",5,3,0.942857142857143
48483,"Wheeler County",13.5,20.3,NA,1.3793,0,14.5977,2.4138,2.1839,5191,3,2,4.3,"Wheeler County","5,783",0,0,"0",0,"2",34.6,1,17.3,"0",0,"3",51.9,NA,NA,NA,NA,NA,9,"TX",6,10,0.8
48485,"Wichita County",16,20.9,NA,2.1193,0.1793,24.4593,6.8743,3.7387,132064,485,400,3.6,"Wichita County","133,138",27,20.3,"42",31.5,"149",111.9,117,87.9,"45",33.8,"125",93.9,"Metropolitan Statistical Area","Central",48660,"Wichita Falls, TX","Metropolitan Statistical Area-Central",3,"TX",4,2,0.942857142857143
48487,"Wilbarger County",14.6,21.1,NA,5.1969,NA,20.0219,10.3939,3.1729,12820,30,NA,4.8,"Wilbarger County","13,038",4,30.7,"12",92,"14",107.4,17,130.4,"6",46,"5",38.3,"Micropolitan Statistical Area","Central",46900,"Vernon, TX","Micropolitan Statistical Area-Central",6,"TX",5,5,0.885714285714286
48489,"Willacy County",24.7,34,NA,2.657,0,23.1884,3.9855,3.6232,21515,62,52,8.4,"Willacy County","22,134",1,4.5,"3",13.6,"11",49.7,5,22.6,"9",40.7,"7",31.6,"Micropolitan Statistical Area","Central",39700,"Raymondville, TX","Micropolitan Statistical Area-Central",6,"TX",5,5,0.942857142857143
48491,"Williamson County",5.6,6.3,NA,2.0875,0.1303,18.9043,2.7049,1.8703,566719,626,466,2.7,"Williamson County","589,914",107,18.1,"237",40.2,"504",85.4,56,9.5,"211",35.8,"509",86.3,"Metropolitan Statistical Area","Central",12420,"Austin-Round Rock-Georgetown, TX","Metropolitan Statistical Area-Central",1,"TX",2,1,0.942857142857143
48493,"Wilson County",9.4,11.5,NA,1.5632,NA,17.1738,3.293,2.3135,50224,117,0,3,"Wilson County","51,802",5,9.7,"8",15.4,"27",52.1,6,11.6,"15",29,"16",30.9,"Metropolitan Statistical Area","Outlying",41700,"San Antonio-New Braunfels, TX","Metropolitan Statistical Area-Outlying",1,"TX",2,1,0.914285714285714
48495,"Winkler County",11.8,16.9,NA,1.8088,0,14.7287,1.5504,NA,7720,88.23,68.62,5.4,"Winkler County","9,295",1,10.8,"0",0,"0",0,0,0,"1",10.8,"1",10.8,NA,NA,NA,NA,NA,6,"TX",6,6,0.771428571428571
48497,"Wise County",10,12.4,NA,1.4419,NA,19.6777,3.5765,2.7566,68305,186,169,3.3,"Wise County","65,807",7,10.6,"10",15.2,"34",51.7,8,12.2,"18",27.4,"41",62.3,"Metropolitan Statistical Area","Outlying",19100,"Dallas-Fort Worth-Arlington, TX","Metropolitan Statistical Area-Outlying",1,"TX",2,1,0.914285714285714
48499,"Wood County",13.5,21.4,NA,1.7599,NA,18.8675,3.1045,1.8037,45129,151,105,4.3,"Wood County","45,292",18,39.7,"3",6.6,"25",55.2,11,24.3,"5",11,"21",46.4,NA,NA,NA,NA,NA,6,"TX",6,6,0.771428571428571
48501,"Yoakum County",10.8,14.9,NA,1.3699,0,13.2005,NA,2.2416,8591,15,9,4.8,"Yoakum County","9,225",0,0,"0",0,"1",10.8,0,0,"0",0,"4",43.4,NA,NA,NA,NA,NA,7,"TX",6,9,0.771428571428571
48503,"Young County",14.8,22.1,NA,1.8628,NA,21.0838,3.2458,3.1329,18045,80,68,3.2,"Young County","18,712",3,16,"3",16,"10",53.4,9,48.1,"4",21.4,"16",85.5,NA,NA,NA,NA,NA,7,"TX",6,11,0.771428571428571
48505,"Zapata County",24.6,39.5,NA,2.459,0,15.4247,2.0864,2.608,14190,156,83,8.5,"Zapata County","14,409",3,20.8,"0",0,"1",6.9,0,0,"0",0,"0",0,"Micropolitan Statistical Area","Central",49820,"Zapata, TX","Micropolitan Statistical Area-Central",6,"TX",5,5,0.942857142857143
48507,"Zavala County",27.2,39,NA,2.7128,0,14.3124,2.5257,2.7128,11983,64,20,9.2,"Zavala County","12,682",2,15.8,"0",0,"2",15.8,3,23.7,"0",0,"2",15.8,NA,NA,NA,NA,NA,7,"TX",6,9,0.8
