"County","X2020.Total.Population","X2020.LCDC.Total","Ratio.of.LCDCs.to.100.000.Population","X2020.LCSW.Total","Ratio.of.LCSWs.to.100.000.Population","X2020.LPC.Total","Ratio.of.LPCs.to.100.000.Population","X2020.LBSW.Total","Ratio.of.LBSWs.to.100.000.Population","X2020.LMSW.Total","Ratio.of.LMSWs.to.100.000.Population","X2020.Primary.Care.Physician.Total","Ratio.of.Primary.Care.Physicians.to.100.000.Population","FIPS","MSA_type","Central_Outlying","CBSA.Code","CBSA.Title","CBSA.level","RUCC_2013","State","NCHS_2013","UIC_2013"
"Anderson County","58,199","7",12,"3",5.2,"29",49.8,"14",24.1,"13",22.3,"35",60.1,"48001","Micropolitan Statistical Area","Central","37300","Palestine, TX","Micropolitan Statistical Area-Central",7,"TX",5,8
"Andrews County","22,269","1",4.5,"0",0,"3",13.5,"1",4.5,"1",4.5,"9",40.4,"48003","Micropolitan Statistical Area","Central","11380","Andrews, TX","Micropolitan Statistical Area-Central",6,"TX",5,5
"Angelina County","90,437","18",19.9,"12",13.3,"61",67.5,"58",64.1,"27",29.9,"84",92.9,"48005","Micropolitan Statistical Area","Central","31260","Lufkin, TX","Micropolitan Statistical Area-Central",5,"TX",5,8
"Aransas County","27,699","2",7.2,"4",14.4,"15",54.2,"4",14.4,"1",3.6,"8",28.9,"48007","Micropolitan Statistical Area","Central","40530","Rockport, TX","Micropolitan Statistical Area-Central",2,"TX",3,2
"Archer County","8,344","3",36,"0",0,"7",83.9,"6",71.9,"4",47.9,"0",0,"48009","Metropolitan Statistical Area","Outlying","48660","Wichita Falls, TX","Metropolitan Statistical Area-Outlying",3,"TX",4,2
"Armstrong County","1,948","0",0,"0",0,"1",51.3,"1",51.3,"0",0,"0",0,"48011","Metropolitan Statistical Area","Outlying","11100","Amarillo, TX","Metropolitan Statistical Area-Outlying",2,"TX",3,2
"Atascosa County","51,831","8",15.4,"2",3.9,"13",25.1,"2",3.9,"7",13.5,"18",34.7,"48013","Metropolitan Statistical Area","Outlying","41700","San Antonio-New Braunfels, TX","Metropolitan Statistical Area-Outlying",1,"TX",2,1
"Austin County","30,402","1",3.3,"0",0,"11",36.2,"1",3.3,"2",6.6,"8",26.3,"48015","Metropolitan Statistical Area","Outlying","26420","Houston-The Woodlands-Sugar Land, TX","Metropolitan Statistical Area-Outlying",1,"TX",2,1
"Bailey County","7,692","1",13,"0",0,"4",52,"0",0,"0",0,"2",26,"48017",NA,NA,NA,NA,NA,7,"TX",6,9
"Bandera County","21,246","8",37.7,"3",14.1,"16",75.3,"0",0,"4",18.8,"8",37.7,"48019","Metropolitan Statistical Area","Outlying","41700","San Antonio-New Braunfels, TX","Metropolitan Statistical Area-Outlying",1,"TX",2,1
"Bastrop County","86,105","32",37.2,"24",27.9,"55",63.9,"8",9.3,"18",20.9,"25",29,"48021","Metropolitan Statistical Area","Outlying","12420","Austin-Round Rock-Georgetown, TX","Metropolitan Statistical Area-Outlying",1,"TX",2,1
"Baylor County","3,624","0",0,"0",0,"2",55.2,"1",27.6,"0",0,"6",165.6,"48023",NA,NA,NA,NA,NA,8,"TX",6,6
"Bee County","34,445","5",14.5,"1",2.9,"12",34.8,"5",14.5,"3",8.7,"14",40.6,"48025","Micropolitan Statistical Area","Central","13300","Beeville, TX","Micropolitan Statistical Area-Central",6,"TX",5,5
"Bell County","353,629","97",27.4,"204",57.7,"355",100.4,"70",19.8,"206",58.3,"304",86,"48027","Metropolitan Statistical Area","Central","28660","Killeen-Temple, TX","Metropolitan Statistical Area-Central",2,"TX",3,2
"Bexar County","2,093,502","508",24.3,"730",34.9,"1,948",93,"181",8.6,"1,071",51.2,"1,714",81.9,"48029","Metropolitan Statistical Area","Central","41700","San Antonio-New Braunfels, TX","Metropolitan Statistical Area-Central",1,"TX",1,1
"Blanco County","11,504","3",26.1,"2",17.4,"6",52.2,"1",8.7,"3",26.1,"4",34.8,"48031",NA,NA,NA,NA,NA,8,"TX",6,4
"Borden County","685","0",0,"0",0,"0",0,"0",0,"0",0,"0",0,"48033",NA,NA,NA,NA,NA,8,"TX",6,7
"Bosque County","17,765","5",28.1,"1",5.6,"7",39.4,"4",22.5,"4",22.5,"12",67.5,"48035",NA,NA,NA,NA,NA,6,"TX",6,4
"Bowie County","92,570","20",21.6,"16",17.3,"63",68.1,"14",15.1,"19",20.5,"109",117.7,"48037","Metropolitan Statistical Area","Central","45500","Texarkana, TX-AR","Metropolitan Statistical Area-Central",3,"TX",4,2
"Brazoria County","375,869","66",17.6,"65",17.3,"210",55.9,"31",8.2,"86",22.9,"217",57.7,"48039","Metropolitan Statistical Area","Central","26420","Houston-The Woodlands-Sugar Land, TX","Metropolitan Statistical Area-Central",1,"TX",2,1
"Brazos County","229,410","45",19.6,"24",10.5,"153",66.7,"27",11.8,"48",20.9,"224",97.6,"48041","Metropolitan Statistical Area","Central","17780","College Station-Bryan, TX","Metropolitan Statistical Area-Central",3,"TX",4,2
"Brewster County","9,133","1",10.9,"1",10.9,"13",142.3,"1",10.9,"1",10.9,"12",131.4,"48043",NA,NA,NA,NA,NA,7,"TX",6,11
"Briscoe County","1,568","0",0,"0",0,"0",0,"0",0,"0",0,"0",0,"48045",NA,NA,NA,NA,NA,9,"TX",6,12
"Brooks County","7,175","0",0,"0",0,"0",0,"0",0,"0",0,"1",13.9,"48047",NA,NA,NA,NA,NA,7,"TX",6,9
"Brown County","38,923","29",74.5,"7",18,"51",131,"21",54,"15",38.5,"30",77.1,"48049","Micropolitan Statistical Area","Central","15220","Brownwood, TX","Micropolitan Statistical Area-Central",5,"TX",5,8
"Burleson County","17,718","1",5.6,"0",0,"0",0,"0",0,"0",0,"4",22.6,"48051","Metropolitan Statistical Area","Outlying","17780","College Station-Bryan, TX","Metropolitan Statistical Area-Outlying",3,"TX",4,2
"Burnet County","48,196","19",39.4,"10",20.7,"26",53.9,"4",8.3,"7",14.5,"45",93.4,"48053",NA,NA,NA,NA,NA,6,"TX",6,4
"Caldwell County","44,284","12",27.1,"13",29.4,"19",42.9,"3",6.8,"9",20.3,"15",33.9,"48055","Metropolitan Statistical Area","Outlying","12420","Austin-Round Rock-Georgetown, TX","Metropolitan Statistical Area-Outlying",1,"TX",2,1
"Calhoun County","22,840","0",0,"2",8.8,"10",43.8,"1",4.4,"1",4.4,"16",70.1,"48057","Micropolitan Statistical Area","Central","38920","Port Lavaca, TX","Micropolitan Statistical Area-Central",6,"TX",5,5
"Callahan County","13,456","3",22.3,"2",14.9,"4",29.7,"3",22.3,"2",14.9,"2",14.9,"48059","Metropolitan Statistical Area","Outlying","10180","Abilene, TX","Metropolitan Statistical Area-Outlying",3,"TX",4,2
"Cameron County","427,881","59",13.8,"52",12.2,"212",49.5,"77",18,"83",19.4,"254",59.4,"48061","Metropolitan Statistical Area","Central","15180","Brownsville-Harlingen, TX","Metropolitan Statistical Area-Central",2,"TX",3,2
"Camp County","13,322","3",22.5,"0",0,"5",37.5,"2",15,"3",22.5,"12",90.1,"48063","Micropolitan Statistical Area","Outlying","34420","Mount Pleasant, TX","Micropolitan Statistical Area-Outlying",6,"TX",6,6
"Carson County","5,799","0",0,"0",0,"2",34.5,"2",34.5,"0",0,"0",0,"48065","Metropolitan Statistical Area","Outlying","11100","Amarillo, TX","Metropolitan Statistical Area-Outlying",2,"TX",3,2
"Cass County","30,327","3",9.9,"4",13.2,"11",36.3,"4",13.2,"3",9.9,"9",29.7,"48067",NA,NA,NA,NA,NA,6,"TX",6,6
"Castro County","7,103","1",14.1,"0",0,"2",28.2,"2",28.2,"0",0,"4",56.3,"48069",NA,NA,NA,NA,NA,6,"TX",6,6
"Chambers County","42,320","9",21.3,"2",4.7,"13",30.7,"1",2.4,"2",4.7,"6",14.2,"48071","Metropolitan Statistical Area","Central","26420","Houston-The Woodlands-Sugar Land, TX","Metropolitan Statistical Area-Central",1,"TX",2,1
"Cherokee County","52,178","10",19.2,"9",17.2,"34",65.2,"35",67.1,"4",7.7,"35",67.1,"48073","Micropolitan Statistical Area","Central","27380","Jacksonville, TX","Micropolitan Statistical Area-Central",6,"TX",5,5
"Childress County","7,062","0",0,"1",14.2,"3",42.5,"1",14.2,"0",0,"10",141.6,"48075",NA,NA,NA,NA,NA,7,"TX",6,11
"Clay County","9,787","2",20.4,"0",0,"5",51.1,"2",20.4,"0",0,"5",51.1,"48077","Metropolitan Statistical Area","Outlying","48660","Wichita Falls, TX","Metropolitan Statistical Area-Outlying",3,"TX",4,2
"Cochran County","3,348","1",29.9,"0",0,"2",59.7,"1",29.9,"0",0,"1",29.9,"48079",NA,NA,NA,NA,NA,9,"TX",6,10
"Coke County","3,215","0",0,"0",0,"2",62.2,"1",31.1,"2",62.2,"0",0,"48081",NA,NA,NA,NA,NA,8,"TX",6,7
"Coleman County","8,478","2",23.6,"0",0,"1",11.8,"2",23.6,"0",0,"4",47.2,"48083",NA,NA,NA,NA,NA,6,"TX",6,6
"Collin County","1,039,369","128",12.3,"276",26.6,"1,071",103,"79",7.6,"364",35,"1,055",101.5,"48085","Metropolitan Statistical Area","Central","19100","Dallas-Fort Worth-Arlington, TX","Metropolitan Statistical Area-Central",1,"TX",1,1
"Collingsworth County","3,210","0",0,"0",0,"1",31.2,"0",0,"0",0,"1",31.2,"48087",NA,NA,NA,NA,NA,9,"TX",6,10
"Colorado County","21,273","6",28.2,"1",4.7,"4",18.8,"2",9.4,"1",4.7,"20",94,"48089",NA,NA,NA,NA,NA,6,"TX",6,4
"Comal County","147,330","18",12.2,"52",35.3,"145",98.4,"16",10.9,"56",38,"112",76,"48091","Metropolitan Statistical Area","Central","41700","San Antonio-New Braunfels, TX","Metropolitan Statistical Area-Central",1,"TX",2,1
"Comanche County","13,075","4",30.6,"1",7.6,"5",38.2,"9",68.8,"1",7.6,"12",91.8,"48093",NA,NA,NA,NA,NA,7,"TX",6,9
"Concho County","4,147","0",0,"0",0,"0",0,"0",0,"0",0,"1",24.1,"48095",NA,NA,NA,NA,NA,8,"TX",6,6
"Cooke County","39,727","5",12.6,"3",7.6,"24",60.4,"15",37.8,"2",5,"17",42.8,"48097","Micropolitan Statistical Area","Central","23620","Gainesville, TX","Micropolitan Statistical Area-Central",6,"TX",5,3
"Coryell County","78,317","28",35.8,"34",43.4,"62",79.2,"11",14,"31",39.6,"21",26.8,"48099","Metropolitan Statistical Area","Central","28660","Killeen-Temple, TX","Metropolitan Statistical Area-Central",2,"TX",3,2
"Cottle County","1,510","0",0,"0",0,"0",0,"0",0,"0",0,"0",0,"48101",NA,NA,NA,NA,NA,9,"TX",6,12
"Crane County","6,209","0",0,"0",0,"0",0,"0",0,"0",0,"2",32.2,"48103",NA,NA,NA,NA,NA,6,"TX",6,6
"Crockett County","4,040","0",0,"0",0,"1",24.8,"0",0,"0",0,"1",24.8,"48105",NA,NA,NA,NA,NA,7,"TX",6,11
"Crosby County","6,464","0",0,"0",0,"3",46.4,"3",46.4,"1",15.5,"1",15.5,"48107","Metropolitan Statistical Area","Outlying","31180","Lubbock, TX","Metropolitan Statistical Area-Outlying",2,"TX",3,2
"Culberson County","2,245","1",44.5,"1",44.5,"0",0,"0",0,"0",0,"2",89.1,"48109",NA,NA,NA,NA,NA,9,"TX",6,12
"Dallam County","7,237","0",0,"0",0,"0",0,"1",13.8,"0",0,"0",0,"48111",NA,NA,NA,NA,NA,7,"TX",6,11
"Dallas County","2,734,111","505",18.5,"972",35.6,"2,535",92.7,"307",11.2,"1,224",44.8,"2,424",88.7,"48113","Metropolitan Statistical Area","Central","19100","Dallas-Fort Worth-Arlington, TX","Metropolitan Statistical Area-Central",1,"TX",1,1
"Dawson County","13,592","0",0,"2",14.7,"4",29.4,"3",22.1,"2",14.7,"6",44.1,"48115","Micropolitan Statistical Area","Central","29500","Lamesa, TX","Micropolitan Statistical Area-Central",7,"TX",5,8
"De Witt County","21,737","0",0,"3",13.8,"11",50.6,"1",4.6,"6",27.6,"13",59.8,"48123",NA,NA,NA,NA,NA,6,"TX",6,6
"Deaf Smith County","18,143","0",0,"1",5.5,"6",33.1,"8",44.1,"5",27.6,"6",33.1,"48117","Micropolitan Statistical Area","Central","25820","Hereford, TX","Micropolitan Statistical Area-Central",6,"TX",5,5
"Delta County","5,367","0",0,"0",0,"3",55.9,"0",0,"1",18.6,"0",0,"48119",NA,NA,NA,NA,NA,8,"TX",6,4
"Denton County","897,953","146",16.3,"211",23.5,"941",104.8,"89",9.9,"322",35.9,"496",55.2,"48121","Metropolitan Statistical Area","Outlying","19100","Dallas-Fort Worth-Arlington, TX","Metropolitan Statistical Area-Outlying",1,"TX",2,1
"Dickens County","2,174","1",46,"0",0,"0",0,"1",46,"0",0,"0",0,"48125",NA,NA,NA,NA,NA,8,"TX",6,7
"Dimmit County","11,743","0",0,"0",0,"2",17,"1",8.5,"0",0,"7",59.6,"48127",NA,NA,NA,NA,NA,6,"TX",6,6
"Donley County","3,410","0",0,"0",0,"0",0,"2",58.7,"0",0,"1",29.3,"48129",NA,NA,NA,NA,NA,8,"TX",6,7
"Duval County","11,796","8",67.8,"0",0,"3",25.4,"1",8.5,"1",8.5,"0",0,"48131","Micropolitan Statistical Area","Outlying","10860","Alice, TX","Micropolitan Statistical Area-Outlying",7,"TX",6,9
"Eastland County","18,205","8",43.9,"0",0,"12",65.9,"7",38.5,"4",22,"9",49.4,"48133",NA,NA,NA,NA,NA,6,"TX",6,6
"Ector County","184,841","29",15.7,"9",4.9,"64",34.6,"23",12.4,"8",4.3,"103",55.7,"48135","Metropolitan Statistical Area","Central","36220","Odessa, TX","Metropolitan Statistical Area-Central",3,"TX",4,2
"Edwards County","1,991","1",50.2,"0",0,"1",50.2,"0",0,"0",0,"1",50.2,"48137",NA,NA,NA,NA,NA,9,"TX",6,12
"El Paso County","876,120","158",18,"190",21.7,"502",57.3,"141",16.1,"368",42,"512",58.4,"48141","Metropolitan Statistical Area","Central","21340","El Paso, TX","Metropolitan Statistical Area-Central",2,"TX",3,2
"Ellis County","177,721","18",10.1,"28",15.8,"139",78.2,"16",9,"60",33.8,"104",58.5,"48139","Metropolitan Statistical Area","Central","19100","Dallas-Fort Worth-Arlington, TX","Metropolitan Statistical Area-Central",1,"TX",2,1
"Erath County","41,526","22",53,"5",12,"50",120.4,"6",14.4,"17",40.9,"21",50.6,"48143","Micropolitan Statistical Area","Central","44500","Stephenville, TX","Micropolitan Statistical Area-Central",4,"TX",5,3
"Falls County","16,603","4",24.1,"4",24.1,"11",66.3,"2",12,"2",12,"1",6,"48145","Metropolitan Statistical Area","Outlying","47380","Waco, TX","Metropolitan Statistical Area-Outlying",2,"TX",3,2
"Fannin County","34,597","4",11.6,"15",43.4,"13",37.6,"12",34.7,"13",37.6,"10",28.9,"48147","Micropolitan Statistical Area","Central","14300","Bonham, TX","Micropolitan Statistical Area-Central",6,"TX",6,4
"Fayette County","26,086","0",0,"0",0,"5",19.2,"6",23,"4",15.3,"12",46,"48149",NA,NA,NA,NA,NA,6,"TX",6,4
"Fisher County","3,985","0",0,"0",0,"1",25.1,"0",0,"1",25.1,"2",50.2,"48151",NA,NA,NA,NA,NA,8,"TX",6,7
"Floyd County","5,786","0",0,"0",0,"3",51.8,"1",17.3,"1",17.3,"3",51.8,"48153",NA,NA,NA,NA,NA,6,"TX",6,6
"Foard County","1,240","0",0,"0",0,"0",0,"2",161.3,"1",80.6,"0",0,"48155",NA,NA,NA,NA,NA,9,"TX",6,10
"Fort Bend County","840,383","122",14.5,"175",20.8,"573",68.2,"46",5.5,"256",30.5,"539",64.1,"48157","Metropolitan Statistical Area","Central","26420","Houston-The Woodlands-Sugar Land, TX","Metropolitan Statistical Area-Central",1,"TX",2,1
"Franklin County","10,924","2",18.3,"1",9.2,"3",27.5,"1",9.2,"4",36.6,"3",27.5,"48159",NA,NA,NA,NA,NA,7,"TX",6,9
"Freestone County","19,860","0",0,"0",0,"7",35.2,"0",0,"1",5,"9",45.3,"48161",NA,NA,NA,NA,NA,7,"TX",6,9
"Frio County","20,023","0",0,"2",10,"3",15,"0",0,"1",5,"10",49.9,"48163","Micropolitan Statistical Area","Central","37770","Pearsall, TX","Micropolitan Statistical Area-Central",6,"TX",6,4
"Gaines County","22,121","1",4.5,"0",0,"3",13.6,"1",4.5,"1",4.5,"8",36.2,"48165",NA,NA,NA,NA,NA,7,"TX",6,9
"Galveston County","355,196","79",22.2,"71",20,"191",53.8,"42",11.8,"92",25.9,"245",69,"48167","Metropolitan Statistical Area","Central","26420","Houston-The Woodlands-Sugar Land, TX","Metropolitan Statistical Area-Central",1,"TX",2,1
"Garza County","6,784","2",29.5,"0",0,"3",44.2,"1",14.7,"1",14.7,"2",29.5,"48169",NA,NA,NA,NA,NA,6,"TX",6,6
"Gillespie County","26,191","5",19.1,"5",19.1,"14",53.5,"2",7.6,"7",26.7,"30",114.5,"48171","Micropolitan Statistical Area","Central","23240","Fredericksburg, TX","Micropolitan Statistical Area-Central",7,"TX",5,8
"Glasscock County","1,365","0",0,"0",0,"0",0,"0",0,"0",0,"0",0,"48173",NA,NA,NA,NA,NA,8,"TX",5,5
"Goliad County","7,717","1",13,"1",13,"7",90.7,"0",0,"2",25.9,"1",13,"48175","Metropolitan Statistical Area","Outlying","47020","Victoria, TX","Metropolitan Statistical Area-Outlying",3,"TX",4,2
"Gonzales County","21,347","3",14.1,"1",4.7,"5",23.4,"1",4.7,"4",18.7,"9",42.2,"48177",NA,NA,NA,NA,NA,6,"TX",6,4
"Gray County","24,252","3",12.4,"1",4.1,"12",49.5,"6",24.7,"4",16.5,"12",49.5,"48179","Micropolitan Statistical Area","Central","37420","Pampa, TX","Micropolitan Statistical Area-Central",6,"TX",5,5
"Grayson County","131,710","36",27.3,"21",15.9,"94",71.4,"23",17.5,"46",34.9,"124",94.1,"48181","Metropolitan Statistical Area","Central","43300","Sherman-Denison, TX","Metropolitan Statistical Area-Central",3,"TX",4,2
"Gregg County","125,730","49",39,"35",27.8,"106",84.3,"32",25.5,"44",35,"150",119.3,"48183","Metropolitan Statistical Area","Central","30980","Longview, TX","Metropolitan Statistical Area-Central",3,"TX",4,2
"Grimes County","28,930","3",10.4,"1",3.5,"9",31.1,"2",6.9,"0",0,"14",48.4,"48185",NA,NA,NA,NA,NA,6,"TX",6,4
"Guadalupe County","170,266","25",14.7,"47",27.6,"111",65.2,"19",11.2,"80",47,"61",35.8,"48187","Metropolitan Statistical Area","Central","41700","San Antonio-New Braunfels, TX","Metropolitan Statistical Area-Central",1,"TX",2,1
"Hale County","33,202","11",33.1,"3",9,"37",111.4,"7",21.1,"4",12,"19",57.2,"48189","Micropolitan Statistical Area","Central","38380","Plainview, TX","Micropolitan Statistical Area-Central",4,"TX",5,5
"Hall County","3,305","0",0,"0",0,"0",0,"0",0,"0",0,"0",0,"48191",NA,NA,NA,NA,NA,9,"TX",6,12
"Hamilton County","8,220","4",48.7,"1",12.2,"5",60.8,"2",24.3,"1",12.2,"10",121.7,"48193",NA,NA,NA,NA,NA,6,"TX",6,6
"Hansford County","5,820","0",0,"0",0,"2",34.4,"0",0,"0",0,"4",68.7,"48195",NA,NA,NA,NA,NA,7,"TX",6,9
"Hardeman County","3,870","0",0,"3",77.5,"0",0,"2",51.7,"0",0,"3",77.5,"48197",NA,NA,NA,NA,NA,9,"TX",6,9
"Hardin County","56,486","8",14.2,"2",3.5,"26",46,"18",31.9,"7",12.4,"10",17.7,"48199","Metropolitan Statistical Area","Outlying","13140","Beaumont-Port Arthur, TX","Metropolitan Statistical Area-Outlying",2,"TX",3,2
"Harris County","4,978,845","993",19.9,"1,722",34.6,"3,204",64.4,"335",6.7,"1,771",35.6,"4,416",88.7,"48201","Metropolitan Statistical Area","Central","26420","Houston-The Woodlands-Sugar Land, TX","Metropolitan Statistical Area-Central",1,"TX",1,1
"Harrison County","68,247","12",17.6,"6",8.8,"37",54.2,"9",13.2,"11",16.1,"16",23.4,"48203","Metropolitan Statistical Area","Outlying","30980","Longview, TX","Metropolitan Statistical Area-Outlying",4,"TX",5,5
"Hartley County","6,067","0",0,"1",16.5,"1",16.5,"0",0,"1",16.5,"8",131.9,"48205",NA,NA,NA,NA,NA,7,"TX",6,11
"Haskell County","6,197","1",16.1,"1",16.1,"2",32.3,"2",32.3,"1",16.1,"4",64.5,"48207",NA,NA,NA,NA,NA,6,"TX",6,6
"Hays County","234,896","72",30.7,"88",37.5,"214",91.1,"27",11.5,"121",51.5,"150",63.9,"48209","Metropolitan Statistical Area","Central","12420","Austin-Round Rock-Georgetown, TX","Metropolitan Statistical Area-Central",1,"TX",2,1
"Hemphill County","4,644","0",0,"0",0,"2",43.1,"1",21.5,"0",0,"6",129.2,"48211",NA,NA,NA,NA,NA,7,"TX",6,11
"Henderson County","81,179","10",12.3,"17",20.9,"28",34.5,"18",22.2,"5",6.2,"43",53,"48213","Micropolitan Statistical Area","Central","11980","Athens, TX","Micropolitan Statistical Area-Central",4,"TX",5,3
"Hidalgo County","870,366","126",14.5,"84",9.7,"433",49.7,"235",27,"249",28.6,"546",62.7,"48215","Metropolitan Statistical Area","Central","32580","McAllen-Edinburg-Mission, TX","Metropolitan Statistical Area-Central",2,"TX",3,2
"Hill County","35,673","9",25.2,"6",16.8,"15",42,"3",8.4,"8",22.4,"12",33.6,"48217",NA,NA,NA,NA,NA,6,"TX",6,4
"Hockley County","24,636","1",4.1,"1",4.1,"15",60.9,"4",16.2,"3",12.2,"11",44.7,"48219","Micropolitan Statistical Area","Central","30220","Levelland, TX","Micropolitan Statistical Area-Central",6,"TX",5,5
"Hood County","58,643","9",15.3,"9",15.3,"53",90.4,"17",29,"15",25.6,"42",71.6,"48221","Micropolitan Statistical Area","Central","24180","Granbury, TX","Micropolitan Statistical Area-Central",1,"TX",2,1
"Hopkins County","37,040","4",10.8,"7",18.9,"22",59.4,"17",45.9,"17",45.9,"15",40.5,"48223","Micropolitan Statistical Area","Central","44860","Sulphur Springs, TX","Micropolitan Statistical Area-Central",6,"TX",5,3
"Houston County","22,620","3",13.3,"4",17.7,"11",48.6,"4",17.7,"5",22.1,"5",22.1,"48225",NA,NA,NA,NA,NA,7,"TX",6,9
"Howard County","41,236","3",7.3,"9",21.8,"10",24.3,"12",29.1,"11",26.7,"19",46.1,"48227","Micropolitan Statistical Area","Central","13700","Big Spring, TX","Micropolitan Statistical Area-Central",4,"TX",5,5
"Hudspeth County","3,400","0",0,"0",0,"0",0,"0",0,"0",0,"1",29.4,"48229","Metropolitan Statistical Area","Outlying","21340","El Paso, TX","Metropolitan Statistical Area-Outlying",2,"TX",3,2
"Hunt County","95,324","13",13.6,"18",18.9,"74",77.6,"13",13.6,"36",37.8,"51",53.5,"48231","Metropolitan Statistical Area","Outlying","19100","Dallas-Fort Worth-Arlington, TX","Metropolitan Statistical Area-Outlying",1,"TX",2,1
"Hutchinson County","21,461","0",0,"0",0,"1",4.7,"4",18.6,"2",9.3,"8",37.3,"48233","Micropolitan Statistical Area","Central","14420","Borger, TX","Micropolitan Statistical Area-Central",6,"TX",5,5
"Irion County","1,508","0",0,"0",0,"0",0,"0",0,"0",0,"0",0,"48235","Metropolitan Statistical Area","Outlying","41660","San Angelo, TX","Metropolitan Statistical Area-Outlying",3,"TX",4,2
"Jack County","8,841","3",33.9,"0",0,"2",22.6,"2",22.6,"0",0,"9",101.8,"48237",NA,NA,NA,NA,NA,6,"TX",6,4
"Jackson County","15,899","0",0,"0",0,"7",44,"0",0,"2",12.6,"9",56.6,"48239",NA,NA,NA,NA,NA,6,"TX",6,6
"Jasper County","35,525","1",2.8,"0",0,"17",47.9,"9",25.3,"8",22.5,"15",42.2,"48241",NA,NA,NA,NA,NA,6,"TX",6,6
"Jeff Davis County","2,113","0",0,"0",0,"1",47.3,"0",0,"1",47.3,"1",47.3,"48243",NA,NA,NA,NA,NA,9,"TX",6,12
"Jefferson County","258,678","78",30.2,"29",11.2,"170",65.7,"88",34,"70",27.1,"181",70,"48245","Metropolitan Statistical Area","Central","13140","Beaumont-Port Arthur, TX","Metropolitan Statistical Area-Central",2,"TX",3,2
"Jim Hogg County","5,077","0",0,"0",0,"0",0,"1",19.7,"2",39.4,"0",0,"48247",NA,NA,NA,NA,NA,6,"TX",6,6
"Jim Wells County","42,890","15",35,"1",2.3,"25",58.3,"13",30.3,"6",14,"22",51.3,"48249","Micropolitan Statistical Area","Central","10860","Alice, TX","Micropolitan Statistical Area-Central",4,"TX",5,5
"Johnson County","171,701","27",15.7,"30",17.5,"108",62.9,"22",12.8,"49",28.5,"64",37.3,"48251","Metropolitan Statistical Area","Central","19100","Dallas-Fort Worth-Arlington, TX","Metropolitan Statistical Area-Central",1,"TX",2,1
"Jones County","19,735","3",15.2,"0",0,"5",25.3,"3",15.2,"2",10.1,"4",20.3,"48253","Metropolitan Statistical Area","Outlying","10180","Abilene, TX","Metropolitan Statistical Area-Outlying",3,"TX",4,2
"Karnes County","15,393","3",19.5,"0",0,"5",32.5,"1",6.5,"4",26,"5",32.5,"48255",NA,NA,NA,NA,NA,6,"TX",6,4
"Kaufman County","125,134","38",30.4,"29",23.2,"81",64.7,"19",15.2,"47",37.6,"43",34.4,"48257","Metropolitan Statistical Area","Outlying","19100","Dallas-Fort Worth-Arlington, TX","Metropolitan Statistical Area-Outlying",1,"TX",2,1
"Kendall County","46,278","19",41.1,"7",15.1,"60",129.7,"5",10.8,"9",19.4,"48",103.7,"48259","Metropolitan Statistical Area","Outlying","41700","San Antonio-New Braunfels, TX","Metropolitan Statistical Area-Outlying",1,"TX",2,1
"Kenedy County","476","0",0,"0",0,"0",0,"0",0,"0",0,"0",0,"48261","Micropolitan Statistical Area","Outlying","28780","Kingsville, TX","Micropolitan Statistical Area-Outlying",9,"TX",5,8
"Kent County","795","0",0,"0",0,"0",0,"1",125.8,"0",0,"0",0,"48263",NA,NA,NA,NA,NA,9,"TX",6,10
"Kerr County","52,267","58",111,"24",45.9,"72",137.8,"5",9.6,"26",49.7,"53",101.4,"48265","Micropolitan Statistical Area","Central","28500","Kerrville, TX","Micropolitan Statistical Area-Central",4,"TX",5,3
"Kimble County","4,344","0",0,"0",0,"0",0,"0",0,"2",46,"2",46,"48267",NA,NA,NA,NA,NA,7,"TX",6,9
"King County","309","0",0,"0",0,"0",0,"0",0,"0",0,"0",0,"48269",NA,NA,NA,NA,NA,9,"TX",6,12
"Kinney County","3,462","0",0,"0",0,"0",0,"0",0,"0",0,"0",0,"48271",NA,NA,NA,NA,NA,7,"TX",6,10
"Kleberg County","30,987","14",45.2,"1",3.2,"24",77.5,"8",25.8,"7",22.6,"18",58.1,"48273","Micropolitan Statistical Area","Central","28780","Kingsville, TX","Micropolitan Statistical Area-Central",4,"TX",5,5
"Knox County","3,937","0",0,"0",0,"1",25.4,"1",25.4,"0",0,"1",25.4,"48275",NA,NA,NA,NA,NA,9,"TX",6,12
"La Salle County","8,309","1",12,"0",0,"2",24.1,"0",0,"0",0,"1",12,"48283",NA,NA,NA,NA,NA,6,"TX",6,6
"Lamar County","50,014","5",10,"12",24,"31",62,"19",38,"18",36,"37",74,"48277","Micropolitan Statistical Area","Central","37580","Paris, TX","Micropolitan Statistical Area-Central",5,"TX",5,8
"Lamb County","12,776","1",7.8,"0",0,"5",39.1,"3",23.5,"2",15.7,"5",39.1,"48279",NA,NA,NA,NA,NA,6,"TX",6,6
"Lampasas County","21,037","8",38,"5",23.8,"15",71.3,"1",4.8,"7",33.3,"8",38,"48281","Metropolitan Statistical Area","Outlying","28660","Killeen-Temple, TX","Metropolitan Statistical Area-Outlying",2,"TX",3,2
"Lavaca County","20,735","1",4.8,"1",4.8,"6",28.9,"4",19.3,"1",4.8,"13",62.7,"48285",NA,NA,NA,NA,NA,6,"TX",6,6
"Lee County","17,595","4",22.7,"0",0,"11",62.5,"2",11.4,"3",17.1,"4",22.7,"48287",NA,NA,NA,NA,NA,6,"TX",6,4
"Leon County","17,707","2",11.3,"0",0,"2",11.3,"3",16.9,"1",5.6,"4",22.6,"48289",NA,NA,NA,NA,NA,8,"TX",6,7
"Liberty County","85,284","11",12.9,"4",4.7,"20",23.5,"3",3.5,"4",4.7,"31",36.3,"48291","Metropolitan Statistical Area","Outlying","26420","Houston-The Woodlands-Sugar Land, TX","Metropolitan Statistical Area-Outlying",1,"TX",2,1
"Limestone County","23,544","3",12.7,"0",0,"10",42.5,"8",34,"3",12.7,"18",76.5,"48293",NA,NA,NA,NA,NA,6,"TX",6,6
"Lipscomb County","3,651","0",0,"0",0,"2",54.8,"0",0,"0",0,"0",0,"48295",NA,NA,NA,NA,NA,9,"TX",6,12
"Live Oak County","12,030","1",8.3,"0",0,"6",49.9,"1",8.3,"0",0,"1",8.3,"48297",NA,NA,NA,NA,NA,8,"TX",6,7
"Llano County","19,452","3",15.4,"1",5.1,"4",20.6,"2",10.3,"2",10.3,"12",61.7,"48299",NA,NA,NA,NA,NA,7,"TX",6,11
"Loving County","92","0",0,"0",0,"0",0,"0",0,"0",0,"0",0,"48301","Micropolitan Statistical Area","Outlying","37780","Pecos, TX","Micropolitan Statistical Area-Outlying",9,"TX",6,12
"Lubbock County","317,210","108",34,"66",20.8,"379",119.5,"160",50.4,"123",38.8,"274",86.4,"48303","Metropolitan Statistical Area","Central","31180","Lubbock, TX","Metropolitan Statistical Area-Central",2,"TX",3,2
"Lynn County","5,588","1",17.9,"0",0,"5",89.5,"0",0,"0",0,"6",107.4,"48305","Metropolitan Statistical Area","Outlying","31180","Lubbock, TX","Metropolitan Statistical Area-Outlying",2,"TX",3,2
"Madison County","14,527","1",6.9,"0",0,"2",13.8,"3",20.7,"1",6.9,"8",55.1,"48313",NA,NA,NA,NA,NA,6,"TX",6,6
"Marion County","10,294","1",9.7,"0",0,"4",38.9,"3",29.1,"0",0,"1",9.7,"48315",NA,NA,NA,NA,NA,8,"TX",6,7
"Martin County","6,044","0",0,"0",0,"0",0,"0",0,"1",16.5,"3",49.6,"48317","Metropolitan Statistical Area","Outlying","33260","Midland, TX","Metropolitan Statistical Area-Outlying",3,"TX",4,2
"Mason County","3,899","1",25.6,"0",0,"2",51.3,"0",0,"1",25.6,"2",51.3,"48319",NA,NA,NA,NA,NA,9,"TX",6,10
"Matagorda County","37,064","4",10.8,"2",5.4,"11",29.7,"4",10.8,"3",8.1,"19",51.3,"48321","Micropolitan Statistical Area","Central","13060","Bay City, TX","Micropolitan Statistical Area-Central",4,"TX",5,3
"Maverick County","59,938","3",5,"2",3.3,"12",20,"9",15,"7",11.7,"28",46.7,"48323","Micropolitan Statistical Area","Central","20580","Eagle Pass, TX","Micropolitan Statistical Area-Central",5,"TX",5,8
"McCulloch County","8,660","2",23.1,"0",0,"7",80.8,"1",11.5,"2",23.1,"5",57.7,"48307",NA,NA,NA,NA,NA,7,"TX",6,9
"McLennan County","253,066","63",24.9,"173",68.4,"220",86.9,"80",31.6,"196",77.5,"222",87.7,"48309","Metropolitan Statistical Area","Central","47380","Waco, TX","Metropolitan Statistical Area-Central",2,"TX",3,2
"McMullen County","783","0",0,"0",0,"1",127.7,"0",0,"0",0,"0",0,"48311",NA,NA,NA,NA,NA,9,"TX",6,12
"Medina County","50,594","14",27.7,"7",13.8,"24",47.4,"4",7.9,"10",19.8,"20",39.5,"48325","Metropolitan Statistical Area","Outlying","41700","San Antonio-New Braunfels, TX","Metropolitan Statistical Area-Outlying",1,"TX",2,1
"Menard County","2,188","0",0,"0",0,"1",45.7,"0",0,"0",0,"1",45.7,"48327",NA,NA,NA,NA,NA,9,"TX",6,12
"Midland County","187,364","49",26.2,"19",10.1,"129",68.8,"36",19.2,"22",11.7,"106",56.6,"48329","Metropolitan Statistical Area","Central","33260","Midland, TX","Metropolitan Statistical Area-Central",3,"TX",4,2
"Milam County","24,635","2",8.1,"1",4.1,"8",32.5,"2",8.1,"1",4.1,"6",24.4,"48331",NA,NA,NA,NA,NA,6,"TX",6,4
"Mills County","4,870","1",20.5,"2",41.1,"7",143.7,"3",61.6,"0",0,"2",41.1,"48333",NA,NA,NA,NA,NA,9,"TX",6,10
"Mitchell County","9,865","1",10.1,"0",0,"1",10.1,"1",10.1,"0",0,"4",40.5,"48335",NA,NA,NA,NA,NA,7,"TX",6,9
"Montague County","19,199","1",5.2,"1",5.2,"6",31.3,"5",26,"2",10.4,"8",41.7,"48337",NA,NA,NA,NA,NA,6,"TX",6,4
"Montgomery County","613,951","84",13.7,"93",15.1,"429",69.9,"34",5.5,"110",17.9,"581",94.6,"48339","Metropolitan Statistical Area","Outlying","26420","Houston-The Woodlands-Sugar Land, TX","Metropolitan Statistical Area-Outlying",1,"TX",2,1
"Moore County","21,575","1",4.6,"0",0,"3",13.9,"3",13.9,"3",13.9,"15",69.5,"48341","Micropolitan Statistical Area","Central","20300","Dumas, TX","Micropolitan Statistical Area-Central",7,"TX",5,8
"Morris County","12,448","0",0,"1",8,"5",40.2,"3",24.1,"2",16.1,"4",32.1,"48343",NA,NA,NA,NA,NA,6,"TX",6,6
"Motley County","1,172","0",0,"0",0,"0",0,"0",0,"0",0,"0",0,"48345",NA,NA,NA,NA,NA,9,"TX",6,12
"Nacogdoches County","64,106","10",15.6,"23",35.9,"76",118.6,"29",45.2,"37",57.7,"58",90.5,"48347","Micropolitan Statistical Area","Central","34860","Nacogdoches, TX","Micropolitan Statistical Area-Central",5,"TX",5,8
"Navarro County","47,985","5",10.4,"7",14.6,"30",62.5,"11",22.9,"6",12.5,"25",52.1,"48349","Micropolitan Statistical Area","Central","18620","Corsicana, TX","Micropolitan Statistical Area-Central",4,"TX",5,3
"Newton County","13,724","1",7.3,"1",7.3,"1",7.3,"1",7.3,"4",29.1,"3",21.9,"48351",NA,NA,NA,NA,NA,2,"TX",3,2
"Nolan County","15,642","5",32,"1",6.4,"8",51.1,"3",19.2,"0",0,"8",51.1,"48353","Micropolitan Statistical Area","Central","45020","Sweetwater, TX","Micropolitan Statistical Area-Central",6,"TX",5,5
"Nueces County","383,718","129",33.6,"62",16.2,"363",94.6,"86",22.4,"101",26.3,"363",94.6,"48355","Metropolitan Statistical Area","Central","18580","Corpus Christi, TX","Metropolitan Statistical Area-Central",2,"TX",3,2
"Ochiltree County","11,309","0",0,"0",0,"3",26.5,"1",8.8,"0",0,"6",53.1,"48357",NA,NA,NA,NA,NA,7,"TX",6,11
"Oldham County","2,200","0",0,"2",90.9,"6",272.7,"1",45.5,"1",45.5,"0",0,"48359","Metropolitan Statistical Area","Outlying","11100","Amarillo, TX","Metropolitan Statistical Area-Outlying",2,"TX",3,2
"Orange County","86,155","12",13.9,"3",3.5,"22",25.5,"11",12.8,"6",7,"22",25.5,"48361","Metropolitan Statistical Area","Central","13140","Beaumont-Port Arthur, TX","Metropolitan Statistical Area-Central",2,"TX",3,2
"Palo Pinto County","27,859","4",14.4,"4",14.4,"4",14.4,"3",10.8,"9",32.3,"16",57.4,"48363","Micropolitan Statistical Area","Central","33420","Mineral Wells, TX","Micropolitan Statistical Area-Central",6,"TX",5,3
"Panola County","24,576","1",4.1,"3",12.2,"5",20.3,"3",12.2,"4",16.3,"6",24.4,"48365",NA,NA,NA,NA,NA,6,"TX",6,6
"Parker County","135,621","25",18.4,"14",10.3,"91",67.1,"18",13.3,"47",34.7,"68",50.1,"48367","Metropolitan Statistical Area","Outlying","19100","Dallas-Fort Worth-Arlington, TX","Metropolitan Statistical Area-Outlying",1,"TX",2,1
"Parmer County","9,200","0",0,"0",0,"0",0,"1",10.9,"0",0,"2",21.7,"48369",NA,NA,NA,NA,NA,7,"TX",6,9
"Pecos County","16,533","3",18.1,"0",0,"1",6,"2",12.1,"1",6,"8",48.4,"48371",NA,NA,NA,NA,NA,7,"TX",6,11
"Polk County","49,080","5",10.2,"6",12.2,"22",44.8,"7",14.3,"7",14.3,"30",61.1,"48373",NA,NA,NA,NA,NA,6,"TX",6,4
"Potter County","122,706","32",26.1,"43",35,"139",113.3,"63",51.3,"53",43.2,"141",114.9,"48375","Metropolitan Statistical Area","Central","11100","Amarillo, TX","Metropolitan Statistical Area-Central",2,"TX",3,2
"Presidio County","5,906","0",0,"1",16.9,"3",50.8,"0",0,"0",0,"3",50.8,"48377",NA,NA,NA,NA,NA,7,"TX",6,11
"Rains County","11,378","0",0,"0",0,"2",17.6,"2",17.6,"1",8.8,"1",8.8,"48379",NA,NA,NA,NA,NA,8,"TX",6,4
"Randall County","138,104","21",15.2,"21",15.2,"137",99.2,"51",36.9,"78",56.5,"44",31.9,"48381","Metropolitan Statistical Area","Central","11100","Amarillo, TX","Metropolitan Statistical Area-Central",2,"TX",3,2
"Reagan County","4,226","0",0,"0",0,"0",0,"0",0,"0",0,"2",47.3,"48383",NA,NA,NA,NA,NA,6,"TX",6,6
"Real County","3,407","0",0,"1",29.4,"0",0,"1",29.4,"1",29.4,"0",0,"48385",NA,NA,NA,NA,NA,9,"TX",6,10
"Red River County","12,610","0",0,"2",15.9,"5",39.7,"6",47.6,"2",15.9,"2",15.9,"48387",NA,NA,NA,NA,NA,6,"TX",6,6
"Reeves County","15,707","1",6.4,"1",6.4,"1",6.4,"1",6.4,"1",6.4,"8",50.9,"48389","Micropolitan Statistical Area","Central","37780","Pecos, TX","Micropolitan Statistical Area-Central",7,"TX",5,8
"Refugio County","7,573","1",13.2,"0",0,"3",39.6,"0",0,"0",0,"3",39.6,"48391",NA,NA,NA,NA,NA,6,"TX",6,6
"Roberts County","983","0",0,"0",0,"0",0,"1",101.7,"0",0,"0",0,"48393","Micropolitan Statistical Area","Outlying","37420","Pampa, TX","Micropolitan Statistical Area-Outlying",9,"TX",6,10
"Robertson County","16,888","1",5.9,"1",5.9,"5",29.6,"4",23.7,"4",23.7,"0",0,"48395","Metropolitan Statistical Area","Outlying","17780","College Station-Bryan, TX","Metropolitan Statistical Area-Outlying",3,"TX",4,2
"Rockwall County","102,243","11",10.8,"28",27.4,"102",99.8,"12",11.7,"26",25.4,"94",91.9,"48397","Metropolitan Statistical Area","Central","19100","Dallas-Fort Worth-Arlington, TX","Metropolitan Statistical Area-Central",1,"TX",2,1
"Runnels County","11,009","1",9.1,"2",18.2,"2",18.2,"2",18.2,"4",36.3,"9",81.8,"48399",NA,NA,NA,NA,NA,6,"TX",6,6
"Rusk County","52,767","26",49.3,"0",0,"21",39.8,"8",15.2,"10",19,"22",41.7,"48401","Metropolitan Statistical Area","Outlying","30980","Longview, TX","Metropolitan Statistical Area-Outlying",3,"TX",4,2
"Sabine County","9,936","1",10.1,"0",0,"2",20.1,"1",10.1,"1",10.1,"3",30.2,"48403",NA,NA,NA,NA,NA,8,"TX",6,7
"San Augustine County","8,405","0",0,"0",0,"1",11.9,"1",11.9,"2",23.8,"2",23.8,"48405",NA,NA,NA,NA,NA,9,"TX",6,10
"San Jacinto County","28,844","1",3.5,"2",6.9,"2",6.9,"1",3.5,"2",6.9,"4",13.9,"48407",NA,NA,NA,NA,NA,8,"TX",6,4
"San Patricio County","71,325","16",22.4,"5",7,"22",30.8,"7",9.8,"8",11.2,"22",30.8,"48409","Metropolitan Statistical Area","Central","18580","Corpus Christi, TX","Metropolitan Statistical Area-Central",2,"TX",3,2
"San Saba County","5,873","2",34.1,"0",0,"3",51.1,"1",17,"1",17,"1",17,"48411",NA,NA,NA,NA,NA,7,"TX",6,9
"Schleicher County","3,312","0",0,"0",0,"1",30.2,"0",0,"0",0,"1",30.2,"48413",NA,NA,NA,NA,NA,8,"TX",6,7
"Scurry County","18,368","2",10.9,"1",5.4,"3",16.3,"2",10.9,"0",0,"13",70.8,"48415","Micropolitan Statistical Area","Central","43660","Snyder, TX","Micropolitan Statistical Area-Central",7,"TX",5,8
"Shackelford County","3,405","1",29.4,"0",0,"2",58.7,"0",0,"0",0,"1",29.4,"48417",NA,NA,NA,NA,NA,8,"TX",6,7
"Shelby County","25,545","0",0,"3",11.7,"18",70.5,"6",23.5,"7",27.4,"4",15.7,"48419",NA,NA,NA,NA,NA,7,"TX",6,9
"Sherman County","3,276","0",0,"0",0,"0",0,"1",30.5,"0",0,"0",0,"48421",NA,NA,NA,NA,NA,9,"TX",6,10
"Smith County","235,143","72",30.6,"44",18.7,"212",90.2,"86",36.6,"72",30.6,"284",120.8,"48423","Metropolitan Statistical Area","Central","46340","Tyler, TX","Metropolitan Statistical Area-Central",3,"TX",4,2
"Somervell County","9,294","0",0,"0",0,"5",53.8,"4",43,"3",32.3,"9",96.8,"48425",NA,NA,NA,NA,NA,1,"TX",2,1
"Starr County","64,731","5",7.7,"0",0,"19",29.4,"10",15.4,"8",12.4,"17",26.3,"48427","Micropolitan Statistical Area","Central","40100","Rio Grande City-Roma, TX","Micropolitan Statistical Area-Central",4,"TX",5,5
"Stephens County","9,570","17",177.6,"0",0,"5",52.2,"2",20.9,"0",0,"7",73.1,"48429",NA,NA,NA,NA,NA,7,"TX",6,11
"Sterling County","1,252","0",0,"0",0,"0",0,"0",0,"1",79.9,"0",0,"48431","Metropolitan Statistical Area","Outlying","41660","San Angelo, TX","Metropolitan Statistical Area-Outlying",8,"TX",6,7
"Stonewall County","1,523","0",0,"0",0,"0",0,"1",65.7,"0",0,"1",65.7,"48433",NA,NA,NA,NA,NA,9,"TX",6,12
"Sutton County","4,381","1",22.8,"0",0,"0",0,"0",0,"0",0,"2",45.7,"48435",NA,NA,NA,NA,NA,7,"TX",6,11
"Swisher County","7,414","0",0,"1",13.5,"1",13.5,"1",13.5,"0",0,"4",54,"48437",NA,NA,NA,NA,NA,6,"TX",6,6
"Tarrant County","2,143,755","375",17.5,"754",35.2,"1,826",85.2,"415",19.4,"1,365",63.7,"1,793",83.6,"48439","Metropolitan Statistical Area","Central","19100","Dallas-Fort Worth-Arlington, TX","Metropolitan Statistical Area-Central",1,"TX",1,1
"Taylor County","139,457","55",39.4,"35",25.1,"200",143.4,"68",48.8,"92",66,"122",87.5,"48441","Metropolitan Statistical Area","Central","10180","Abilene, TX","Metropolitan Statistical Area-Central",3,"TX",4,2
"Terrell County","1,054","0",0,"0",0,"0",0,"0",0,"0",0,"0",0,"48443",NA,NA,NA,NA,NA,9,"TX",6,12
"Terry County","13,040","1",7.7,"0",0,"0",0,"1",7.7,"0",0,"4",30.7,"48445",NA,NA,NA,NA,NA,6,"TX",6,6
"Throckmorton County","1,519","0",0,"0",0,"1",65.8,"0",0,"0",0,"1",65.8,"48447",NA,NA,NA,NA,NA,9,"TX",6,12
"Titus County","32,953","1",3,"4",12.1,"25",75.9,"10",30.3,"14",42.5,"30",91,"48449","Micropolitan Statistical Area","Central","34420","Mount Pleasant, TX","Micropolitan Statistical Area-Central",7,"TX",5,8
"Tom Green County","123,276","41",33.3,"33",26.8,"125",101.4,"42",34.1,"40",32.4,"126",102.2,"48451","Metropolitan Statistical Area","Central","41660","San Angelo, TX","Metropolitan Statistical Area-Central",3,"TX",4,2
"Travis County","1,291,502","386",29.9,"1,451",112.3,"1,698",131.5,"176",13.6,"1,239",95.9,"1,321",102.3,"48453","Metropolitan Statistical Area","Central","12420","Austin-Round Rock-Georgetown, TX","Metropolitan Statistical Area-Central",1,"TX",1,1
"Trinity County","14,233","2",14.1,"0",0,"3",21.1,"0",0,"0",0,"3",21.1,"48455",NA,NA,NA,NA,NA,7,"TX",5,8
"Tyler County","21,343","1",4.7,"0",0,"6",28.1,"4",18.7,"4",18.7,"3",14.1,"48457",NA,NA,NA,NA,NA,6,"TX",6,6
"Upshur County","41,655","8",19.2,"4",9.6,"16",38.4,"8",19.2,"2",4.8,"7",16.8,"48459","Metropolitan Statistical Area","Outlying","30980","Longview, TX","Metropolitan Statistical Area-Outlying",3,"TX",4,2
"Upton County","3,983","0",0,"0",0,"0",0,"0",0,"0",0,"2",50.2,"48461",NA,NA,NA,NA,NA,8,"TX",6,7
"Uvalde County","27,937","5",17.9,"1",3.6,"15",53.7,"3",10.7,"6",21.5,"15",53.7,"48463","Micropolitan Statistical Area","Central","46620","Uvalde, TX","Micropolitan Statistical Area-Central",6,"TX",5,3
"Val Verde County","48,253","2",4.1,"8",16.6,"8",16.6,"2",4.1,"5",10.4,"23",47.7,"48465","Micropolitan Statistical Area","Central","19620","Del Rio, TX","Micropolitan Statistical Area-Central",5,"TX",5,8
"Van Zandt County","55,469","18",32.5,"5",9,"22",39.7,"9",16.2,"8",14.4,"11",19.8,"48467",NA,NA,NA,NA,NA,6,"TX",6,4
"Victoria County","97,744","17",17.4,"14",14.3,"82",83.9,"14",14.3,"32",32.7,"87",89,"48469","Metropolitan Statistical Area","Central","47020","Victoria, TX","Metropolitan Statistical Area-Central",3,"TX",4,2
"Walker County","73,997","22",29.7,"8",10.8,"79",106.8,"12",16.2,"10",13.5,"38",51.4,"48471","Micropolitan Statistical Area","Central","26660","Huntsville, TX","Micropolitan Statistical Area-Central",4,"TX",5,3
"Waller County","50,731","6",11.8,"7",13.8,"19",37.5,"4",7.9,"6",11.8,"5",9.9,"48473","Metropolitan Statistical Area","Outlying","26420","Houston-The Woodlands-Sugar Land, TX","Metropolitan Statistical Area-Outlying",1,"TX",2,1
"Ward County","13,592","1",7.4,"0",0,"1",7.4,"1",7.4,"0",0,"1",7.4,"48475",NA,NA,NA,NA,NA,6,"TX",6,6
"Washington County","35,155","4",11.4,"4",11.4,"16",45.5,"6",17.1,"11",31.3,"28",79.6,"48477","Micropolitan Statistical Area","Central","14780","Brenham, TX","Micropolitan Statistical Area-Central",6,"TX",5,3
"Webb County","276,183","94",34,"8",2.9,"125",45.3,"35",12.7,"40",14.5,"116",42,"48479","Metropolitan Statistical Area","Central","29700","Laredo, TX","Metropolitan Statistical Area-Central",2,"TX",3,2
"Wharton County","41,941","1",2.4,"7",16.7,"25",59.6,"6",14.3,"4",9.5,"23",54.8,"48481","Micropolitan Statistical Area","Central","20900","El Campo, TX","Micropolitan Statistical Area-Central",4,"TX",5,3
"Wheeler County","5,783","0",0,"0",0,"2",34.6,"1",17.3,"0",0,"3",51.9,"48483",NA,NA,NA,NA,NA,9,"TX",6,10
"Wichita County","133,138","27",20.3,"42",31.5,"149",111.9,"117",87.9,"45",33.8,"125",93.9,"48485","Metropolitan Statistical Area","Central","48660","Wichita Falls, TX","Metropolitan Statistical Area-Central",3,"TX",4,2
"Wilbarger County","13,038","4",30.7,"12",92,"14",107.4,"17",130.4,"6",46,"5",38.3,"48487","Micropolitan Statistical Area","Central","46900","Vernon, TX","Micropolitan Statistical Area-Central",6,"TX",5,5
"Willacy County","22,134","1",4.5,"3",13.6,"11",49.7,"5",22.6,"9",40.7,"7",31.6,"48489","Micropolitan Statistical Area","Central","39700","Raymondville, TX","Micropolitan Statistical Area-Central",6,"TX",5,5
"Williamson County","589,914","107",18.1,"237",40.2,"504",85.4,"56",9.5,"211",35.8,"509",86.3,"48491","Metropolitan Statistical Area","Central","12420","Austin-Round Rock-Georgetown, TX","Metropolitan Statistical Area-Central",1,"TX",2,1
"Wilson County","51,802","5",9.7,"8",15.4,"27",52.1,"6",11.6,"15",29,"16",30.9,"48493","Metropolitan Statistical Area","Outlying","41700","San Antonio-New Braunfels, TX","Metropolitan Statistical Area-Outlying",1,"TX",2,1
"Winkler County","9,295","1",10.8,"0",0,"0",0,"0",0,"1",10.8,"1",10.8,"48495",NA,NA,NA,NA,NA,6,"TX",6,6
"Wise County","65,807","7",10.6,"10",15.2,"34",51.7,"8",12.2,"18",27.4,"41",62.3,"48497","Metropolitan Statistical Area","Outlying","19100","Dallas-Fort Worth-Arlington, TX","Metropolitan Statistical Area-Outlying",1,"TX",2,1
"Wood County","45,292","18",39.7,"3",6.6,"25",55.2,"11",24.3,"5",11,"21",46.4,"48499",NA,NA,NA,NA,NA,6,"TX",6,6
"Yoakum County","9,225","0",0,"0",0,"1",10.8,"0",0,"0",0,"4",43.4,"48501",NA,NA,NA,NA,NA,7,"TX",6,9
"Young County","18,712","3",16,"3",16,"10",53.4,"9",48.1,"4",21.4,"16",85.5,"48503",NA,NA,NA,NA,NA,7,"TX",6,11
"Zapata County","14,409","3",20.8,"0",0,"1",6.9,"0",0,"0",0,"0",0,"48505","Micropolitan Statistical Area","Central","49820","Zapata, TX","Micropolitan Statistical Area-Central",6,"TX",5,5
"Zavala County","12,682","2",15.8,"0",0,"2",15.8,"3",23.7,"0",0,"2",15.8,"48507",NA,NA,NA,NA,NA,7,"TX",6,9
