"fips","Name","pov_perc_all","pov_perc_under_18","Alcohol_Abuse","Autism_Spectrum_Disorders","Depression","Drug_Abuse_Substance_Abuse","Schizophrenia_Other_Psychotic_Disorders","total_pop","total_jail_pop","total_jail_pretrial","unemployment","X2020.Total.Population","X2020.LCDC.Total","Ratio.of.LCDCs.to.100.000.Population","X2020.LCSW.Total","Ratio.of.LCSWs.to.100.000.Population","X2020.LPC.Total","Ratio.of.LPCs.to.100.000.Population","X2020.LBSW.Total","Ratio.of.LBSWs.to.100.000.Population","X2020.LMSW.Total","Ratio.of.LMSWs.to.100.000.Population","X2020.Primary.Care.Physician.Total","Ratio.of.Primary.Care.Physicians.to.100.000.Population","MSA_type","Central_Outlying","CBSA.Code","CBSA.Title","CBSA.level","RUCC_2013","State","NCHS_2013","UIC_2013","opioid_per_100","alc_est_per_capita","vet_percent_2020","percent_uninsured","I_35","percent_comp"
"48001","Anderson","20.899999999999999","27.600000000000001",1.5184,0.1687,21.1656,5.7975,3.3282,58057,182,112,"     3.2","58,199","7",12,"3",5.2,"29",49.8,"14",24.1,"13",22.3,"35",60.1,"Micropolitan Statistical Area","Central","37300","Palestine, TX","Micropolitan Statistical Area-Central",7,"TX",5,8,36.4,NA,5.62307931355961,30.9357047080994,"Non I-35 Corridor",0.947368421052632
"48003","Andrews","9.1999999999999993","12",1.4892,0,14.3708,1.7126,1.787,18128,22,30,"     3.7","22,269","1",4.5,"0",0,"3",13.5,"1",4.5,"1",4.5,"9",40.4,"Micropolitan Statistical Area","Central","11380","Andrews, TX","Micropolitan Statistical Area-Central",6,"TX",5,5,11.6,NA,3.61633530360022,24.4458824396133,"Non I-35 Corridor",0.947368421052632
"48005","Angelina","17","25.100000000000001",2.2809,0.6254,17.7872,2.9983,3.5869,87092,244,225,"     4.6","90,437","18",19.9,"12",13.3,"61",67.5,"58",64.1,"27",29.9,"84",92.9,"Micropolitan Statistical Area","Central","31260","Lufkin, TX","Micropolitan Statistical Area-Central",5,"TX",5,8,58.3,3.47242317263731,6.48069911453209,17.5960138440132,"Non I-35 Corridor",0.973684210526316
"48007","Aransas","17.100000000000001","30.800000000000001",2.5957,NA,18.1161,6.1547,2.2746,23792,195,173,"     5.3","27,699","2",7.2,"4",14.4,"15",54.2,"4",14.4,"1",3.6,"8",28.9,"Micropolitan Statistical Area","Central","40530","Rockport, TX","Micropolitan Statistical Area-Central",2,"TX",3,2,17,25.1783466219052,10.7553503986572,23.7079069018364,"Non I-35 Corridor",0.947368421052632
"48009","Archer","6.9000000000000004","11.199999999999999",1.3928,NA,21.3092,4.805,1.6017,8786,18.93,13.11,"     3.1","8,344","3",36,"0",0,"7",83.9,"6",71.9,"4",47.9,"0",0,"Metropolitan Statistical Area","Outlying","48660","Wichita Falls, TX","Metropolitan Statistical Area-Outlying",3,"TX",4,2,0.5,NA,6.58878504672897,21.9790354371071,"Non I-35 Corridor",0.921052631578947
"48011","Armstrong","9.3000000000000007","12.4",NA,0,16.2651,NA,4.2169,1892,3,2,"     2.4","1,948","0",0,"0",0,"1",51.3,"1",51.3,"0",0,"0",0,"Metropolitan Statistical Area","Outlying","11100","Amarillo, TX","Metropolitan Statistical Area-Outlying",2,"TX",3,2,20.3,NA,7.03463203463203,23.2821360230446,"Non I-35 Corridor",0.894736842105263
"48013","Atascosa","14.9","22",2.3009,NA,17.5026,3.2834,3.7746,50310,114,98,"     4.2","51,831","8",15.4,"2",3.9,"13",25.1,"2",3.9,"7",13.5,"18",34.7,"Metropolitan Statistical Area","Outlying","41700","San Antonio-New Braunfels, TX","Metropolitan Statistical Area-Outlying",1,"TX",2,1,20,NA,6.55356158510443,23.8479003310204,"Non I-35 Corridor",0.921052631578947
"48015","Austin","11.4","18",1.4181,NA,14.6619,1.7979,1.8992,29989,50,47,"     3.8","30,402","1",3.3,"0",0,"11",36.2,"1",3.3,"2",6.6,"8",26.3,"Metropolitan Statistical Area","Outlying","26420","Houston-The Woodlands-Sugar Land, TX","Metropolitan Statistical Area-Outlying",1,"TX",2,1,20.3,NA,5.35353200517121,19.623938202858,"Non I-35 Corridor",0.921052631578947
"48017","Bailey","14.4","23.300000000000001",1.3953,0,15.6977,1.2791,2.093,7027,41,30,"     3.5","7,692","1",13,"0",0,"4",52,"0",0,"0",0,"2",26,NA,NA,NA,NA,NA,7,"TX",6,9,23.2,NA,4.34530706836616,27.2771567106247,"Non I-35 Corridor",0.815789473684211
"48019","Bandera","11","21.300000000000001",1.6646,NA,17.604,3.3291,1.5637,22824,54,58,"     3.3","21,246","8",37.7,"3",14.1,"16",75.3,"0",0,"4",18.8,"8",37.7,"Metropolitan Statistical Area","Outlying","41700","San Antonio-New Braunfels, TX","Metropolitan Statistical Area-Outlying",1,"TX",2,1,9.6,23.9796652438732,13.279938612057,23.8479003310204,"Non I-35 Corridor",0.947368421052632
"48021","Bastrop","10.800000000000001","16.399999999999999",2.3939,NA,18.6427,3.6247,2.4277,86976,304,271,"     3.1","86,105","32",37.2,"24",27.9,"55",63.9,"8",9.3,"18",20.9,"25",29,"Metropolitan Statistical Area","Outlying","12420","Austin-Round Rock-Georgetown, TX","Metropolitan Statistical Area-Outlying",1,"TX",2,1,13.3,5.14318630678078,5.93523699802502,27.741950750351,"I-35 Corridor",0.947368421052632
"48023","Baylor","15.300000000000001","21.800000000000001",1.7949,NA,20.8974,4.2308,3.0769,3582,7.07,4.89,"     2.6","3,624","0",0,"0",0,"2",55.2,"1",27.6,"0",0,"6",165.6,NA,NA,NA,NA,NA,8,"TX",6,6,33.8,NA,6.40692640692641,21.9790354371071,"Non I-35 Corridor",0.789473684210526
"48025","Bee","23.100000000000001","26.100000000000001",2.6349,NA,18.6115,5.5207,2.6767,32587,98,70,"     6.3","34,445","5",14.5,"1",2.9,"12",34.8,"5",14.5,"3",8.7,"14",40.6,"Micropolitan Statistical Area","Central","13300","Beeville, TX","Micropolitan Statistical Area-Central",6,"TX",5,5,14.1,12.8836924662608,6.18095146068863,23.7079069018364,"Non I-35 Corridor",0.947368421052632
"48027","Bell","14.699999999999999","21.399999999999999",2.4743,0.1624,19.3586,3.7321,2.73,355642,797,257,"     4.1","353,629","97",27.4,"204",57.7,"355",100.4,"70",19.8,"206",58.3,"304",86,"Metropolitan Statistical Area","Central","28660","Killeen-Temple, TX","Metropolitan Statistical Area-Central",2,"TX",3,2,53.8,8.90335008781941,15.0299341421892,15.4006317257881,"Non I-35 Corridor",0.973684210526316
"48029","Bexar","15","20.5",1.7822,0.2527,16.3502,3.1242,2.6771,1986049,3867,3657,"     3.6","2,093,502","508",24.3,"730",34.9,"1,948",93,"181",8.6,"1,071",51.2,"1,714",81.9,"Metropolitan Statistical Area","Central","41700","San Antonio-New Braunfels, TX","Metropolitan Statistical Area-Central",1,"TX",1,1,44.1,12.7903712890504,7.97288043142868,17.4580678343773,"I-35 Corridor",0.973684210526316
"48031","Blanco","9.8000000000000007","14.6",2.0659,NA,14.0679,2.607,1.033,11702,24,11,"     2.5","11,504","3",26.1,"2",17.4,"6",52.2,"1",8.7,"3",26.1,"4",34.8,NA,NA,NA,NA,NA,8,"TX",6,4,7,26.3759451380341,8.95902936521892,21.7678442597389,"I-35 Corridor",0.815789473684211
"48033","Borden","7.5","8.5",NA,0,NA,0,NA,648,1.61,0.45,"     2.0","685","0",0,"0",0,"0",0,"0",0,"0",0,"0",0,NA,NA,NA,NA,NA,8,"TX",6,7,NA,NA,8.71632329635499,24.1987973451614,"Non I-35 Corridor",0.710526315789474
"48035","Bosque","12.5","19.199999999999999",2.0747,NA,19.3983,2.2476,3.2503,18691,29,21,"     3.3","17,765","5",28.1,"1",5.6,"7",39.4,"4",22.5,"4",22.5,"12",67.5,NA,NA,NA,NA,NA,6,"TX",6,4,13.9,NA,7.98464491362764,20.4605266451836,"Non I-35 Corridor",0.789473684210526
"48037","Bowie","17.399999999999999","23.399999999999999",1.5431,0.1163,18.4166,3.1483,2.9777,94324,793,453,"     4.3","92,570","20",21.6,"16",17.3,"63",68.1,"14",15.1,"19",20.5,"109",117.7,"Metropolitan Statistical Area","Central","45500","Texarkana, TX-AR","Metropolitan Statistical Area-Central",3,"TX",4,2,104,3.22952213837426,7.80144897893275,20.0122356414795,"Non I-35 Corridor",0.973684210526316
"48039","Brazoria","8.3000000000000007","10",1.6638,0.2216,16.4082,2.8522,2.6145,370200,894,521,"     4.8","375,869","66",17.6,"65",17.3,"210",55.9,"31",8.2,"86",22.9,"217",57.7,"Metropolitan Statistical Area","Central","26420","Houston-The Woodlands-Sugar Land, TX","Metropolitan Statistical Area-Central",1,"TX",2,1,27.9,5.37589609468028,5.26703419876301,18.9304128289223,"Non I-35 Corridor",0.973684210526316
"48041","Brazos","22.300000000000001","19.5",1.6265,0.1925,19.0002,2.3435,2.7352,226758,658,425,"     2.8","229,410","45",19.6,"24",10.5,"153",66.7,"27",11.8,"48",20.9,"224",97.6,"Metropolitan Statistical Area","Central","17780","College Station-Bryan, TX","Metropolitan Statistical Area-Central",3,"TX",4,2,39.7,14.9669230999491,4.05945717108048,14.7291049361229,"Non I-35 Corridor",0.973684210526316
"48043","Brewster","14","16.600000000000001",2.2777,NA,12.05,NA,1.543,9267,41,47,"     3.2","9,133","1",10.9,"1",10.9,"13",142.3,"1",10.9,"1",10.9,"12",131.4,NA,NA,NA,NA,NA,7,"TX",6,11,20.2,52.3779593547035,8.50618059920386,24.4458824396133,"Non I-35 Corridor",0.789473684210526
"48045","Briscoe","13.4","22.800000000000001",NA,0,14.8026,NA,NA,1516,NA,NA,"     3.1","1,568","0",0,"0",0,"0",0,"0",0,"0",0,"0",0,NA,NA,NA,NA,NA,9,"TX",6,12,0.2,NA,5.15679442508711,23.2821360230446,"Non I-35 Corridor",0.684210526315789
"48047","Brooks","28.699999999999999","45",2.0089,NA,22.7679,3.683,3.5714,7114,588,633,"     6.4","7,175","0",0,"0",0,"0",0,"0",0,"0",0,"1",13.9,NA,NA,NA,NA,NA,7,"TX",6,9,18.3,NA,3.94290559638214,22.7710723876953,"Non I-35 Corridor",0.789473684210526
"48049","Brown","15.6","22.300000000000001",1.5848,0.3108,21.1156,2.1442,4.8167,37924,156,150,"     3.8","38,923","29",74.5,"7",18,"51",131,"21",54,"15",38.5,"30",77.1,"Micropolitan Statistical Area","Central","15220","Brownwood, TX","Micropolitan Statistical Area-Central",5,"TX",5,8,59.7,NA,7.79629872686704,27.9468238353729,"Non I-35 Corridor",0.947368421052632
"48051","Burleson","13.1","19.899999999999999",2.0416,0,16.2596,2.4061,2.479,18389,62,63,"     3.3","17,718","1",5.6,"0",0,"0",0,"0",0,"0",0,"4",22.6,"Metropolitan Statistical Area","Outlying","17780","College Station-Bryan, TX","Metropolitan Statistical Area-Outlying",3,"TX",4,2,16.9,22.6731663076749,7.19306201110985,18.638750910759,"Non I-35 Corridor",0.973684210526316
"48053","Burnet","9.5","16.399999999999999",2.021,NA,15.9783,3.9283,1.7936,47542,428,452,"     2.7","48,196","19",39.4,"10",20.7,"26",53.9,"4",8.3,"7",14.5,"45",93.4,NA,NA,NA,NA,NA,6,"TX",6,4,13.9,NA,7.83228170160798,12.8642752766609,"Non I-35 Corridor",0.789473684210526
"48055","Caldwell","12.699999999999999","18.600000000000001",2.324,NA,17.9245,3.9577,3.1753,43247,194,100,"     3.2","44,284","12",27.1,"13",29.4,"19",42.9,"3",6.8,"9",20.3,"15",33.9,"Metropolitan Statistical Area","Outlying","12420","Austin-Round Rock-Georgetown, TX","Metropolitan Statistical Area-Outlying",1,"TX",2,1,6.5,NA,5.18710633567988,27.741950750351,"I-35 Corridor",0.921052631578947
"48057","Calhoun","12.4","21.399999999999999",1.8654,NA,18.4877,1.8321,3.1979,21561,56,32,"     3.3","22,840","0",0,"2",8.8,"10",43.8,"1",4.4,"1",4.4,"16",70.1,"Micropolitan Statistical Area","Central","38920","Port Lavaca, TX","Micropolitan Statistical Area-Central",6,"TX",5,5,29.8,NA,6.46573162240127,22.8458166122437,"Non I-35 Corridor",0.921052631578947
"48059","Callahan","12.199999999999999","19",1.8114,0,17.9749,2.7868,2.601,13994,6,5,"     3.3","13,456","3",22.3,"2",14.9,"4",29.7,"3",22.3,"2",14.9,"2",14.9,"Metropolitan Statistical Area","Outlying","10180","Abilene, TX","Metropolitan Statistical Area-Outlying",3,"TX",4,2,6.7,NA,8.78319229646922,27.9468238353729,"Non I-35 Corridor",0.947368421052632
"48061","Cameron","24.399999999999999","34.600000000000001",2.2909,0.2913,20.3517,2.3376,3.6755,423908,1115,902,"     6.1","427,881","59",13.8,"52",12.2,"212",49.5,"77",18,"83",19.4,"254",59.4,"Metropolitan Statistical Area","Central","15180","Brownsville-Harlingen, TX","Metropolitan Statistical Area-Central",2,"TX",3,2,22.3,9.50080400553897,3.81789808962583,29.8536658287048,"Non I-35 Corridor",0.973684210526316
"48063","Camp","16.699999999999999","24.800000000000001",1.59,NA,14.5372,2.7257,3.7479,13033,26,10,"     4.1","13,322","3",22.5,"0",0,"5",37.5,"2",15,"3",22.5,"12",90.1,"Micropolitan Statistical Area","Outlying","34420","Mount Pleasant, TX","Micropolitan Statistical Area-Outlying",6,"TX",6,6,38.1,NA,7.03626444159178,22.6406246423721,"Non I-35 Corridor",0.921052631578947
"48065","Carson","8.3000000000000007","10.699999999999999",NA,NA,14.7668,2.8497,2.4611,6005,25,25,"     2.7","5,799","0",0,"0",0,"2",34.5,"2",34.5,"0",0,"0",0,"Metropolitan Statistical Area","Outlying","11100","Amarillo, TX","Metropolitan Statistical Area-Outlying",2,"TX",3,2,2.7,NA,6.88823833304632,23.2821360230446,"Non I-35 Corridor",0.894736842105263
"48067","Cass","17.699999999999999","25.600000000000001",1.2934,NA,18.3946,3.2232,3.0179,30119,86,62,"     4.6","30,327","3",9.9,"4",13.2,"11",36.3,"4",13.2,"3",9.9,"9",29.7,NA,NA,NA,NA,NA,6,"TX",6,6,44.5,NA,8.7474520278344,20.0122356414795,"Non I-35 Corridor",0.789473684210526
"48069","Castro","15.300000000000001","20.399999999999999",1.812,0,11.0985,1.6988,1.6988,7665,18,11,"     2.5","7,103","1",14.1,"0",0,"2",28.2,"2",28.2,"0",0,"4",56.3,NA,NA,NA,NA,NA,6,"TX",6,6,9.7,NA,2.64550264550265,23.2821360230446,"Non I-35 Corridor",0.815789473684211
"48071","Chambers","9.3000000000000007","11",1.1181,NA,17.0298,4.6732,1.9209,42454,98,40,"     5.9","42,320","9",21.3,"2",4.7,"13",30.7,"1",2.4,"2",4.7,"6",14.2,"Metropolitan Statistical Area","Central","26420","Houston-The Woodlands-Sugar Land, TX","Metropolitan Statistical Area-Central",1,"TX",2,1,8.2,NA,4.80556569538984,24.7739434242249,"Non I-35 Corridor",0.921052631578947
"48073","Cherokee","16.699999999999999","24.399999999999999",1.6355,NA,19.264,3.3024,3.5383,52592,130,74,"     4.4","52,178","10",19.2,"9",17.2,"34",65.2,"35",67.1,"4",7.7,"35",67.1,"Micropolitan Statistical Area","Central","27380","Jacksonville, TX","Micropolitan Statistical Area-Central",6,"TX",5,5,28.5,NA,6.20487185590732,21.0098430514336,"Non I-35 Corridor",0.921052631578947
"48075","Childress","21.399999999999999","24.100000000000001",2.7685,0,14.5072,2.5471,1.9934,7291,60,65,"     2.9","7,062","0",0,"1",14.2,"3",42.5,"1",14.2,"0",0,"10",141.6,NA,NA,NA,NA,NA,7,"TX",6,11,63.9,NA,4.60684273709484,23.2821360230446,"Non I-35 Corridor",0.815789473684211
"48077","Clay","11.1","14.6",1.6446,0,20.6897,5.6233,1.9629,10456,20,21,"     3.4","9,787","2",20.4,"0",0,"5",51.1,"2",20.4,"0",0,"5",51.1,"Metropolitan Statistical Area","Outlying","48660","Wichita Falls, TX","Metropolitan Statistical Area-Outlying",3,"TX",4,2,12.6,NA,8.54374633000587,21.9790354371071,"Non I-35 Corridor",0.947368421052632
"48079","Cochran","19.199999999999999","29.399999999999999",NA,NA,14.0921,NA,NA,2836,3,1,"     4.8","3,348","1",29.9,"0",0,"2",59.7,"1",29.9,"0",0,"1",29.9,NA,NA,NA,NA,NA,9,"TX",6,10,17.6,NA,4.20102080879466,27.2771567106247,"Non I-35 Corridor",0.710526315789474
"48081","Coke","11.4","18",NA,0,16.8831,3.4091,3.2468,3370,NA,NA,"     3.5","3,215","0",0,"0",0,"2",62.2,"1",31.1,"2",62.2,"0",0,NA,NA,NA,NA,NA,8,"TX",6,7,NA,NA,7.8234398782344,24.1987973451614,"Non I-35 Corridor",0.710526315789474
"48083","Coleman","16","28.100000000000001",0.9709,NA,16.4509,1.5102,1.9417,8397,7,2,"     4.1","8,478","2",23.6,"0",0,"1",11.8,"2",23.6,"0",0,"4",47.2,NA,NA,NA,NA,NA,6,"TX",6,6,14.3,NA,9.03175429463821,27.9468238353729,"Non I-35 Corridor",0.789473684210526
"48085","Collin","6.2000000000000002","6.7000000000000002",1.3896,0.1328,19.5319,2.2956,2.2434,1005146,1010,705,"     2.9","1,039,369","128",12.3,"276",26.6,"1,071",103,"79",7.6,"364",35,"1,055",101.5,"Metropolitan Statistical Area","Central","19100","Dallas-Fort Worth-Arlington, TX","Metropolitan Statistical Area-Central",1,"TX",1,1,29.7,2.72437327671647,4.17467929899057,10.2730318903923,"Non I-35 Corridor",0.973684210526316
"48087","Collingsworth","16.899999999999999","25.5",NA,0,14.7705,2.7944,2.5948,2962,10,4,"     2.7","3,210","0",0,"0",0,"1",31.2,"0",0,"0",0,"1",31.2,NA,NA,NA,NA,NA,9,"TX",6,10,14.2,NA,7.12669683257919,23.2821360230446,"Non I-35 Corridor",0.789473684210526
"48089","Colorado","12.699999999999999","18.399999999999999",1.248,NA,14.6906,1.118,2.8861,21217,46,53,"     3.4","21,273","6",28.2,"1",4.7,"4",18.8,"2",9.4,"1",4.7,"20",94,NA,NA,NA,NA,NA,6,"TX",6,4,22,14.5935691005497,6.32387994357153,19.623938202858,"Non I-35 Corridor",0.815789473684211
"48091","Comal","7.5","9.4000000000000004",1.5732,0.1675,15.4022,2.5577,1.6341,148373,282,196,"     3.1","147,330","18",12.2,"52",35.3,"145",98.4,"16",10.9,"56",38,"112",76,"Metropolitan Statistical Area","Central","41700","San Antonio-New Braunfels, TX","Metropolitan Statistical Area-Central",1,"TX",2,1,32.6,22.9100748602176,8.33431371941969,11.9103357195854,"I-35 Corridor",0.973684210526316
"48093","Comanche","15.9","24",1.2505,NA,17.7413,1.3286,2.0711,13534,42,29,"     3.0","13,075","4",30.6,"1",7.6,"5",38.2,"9",68.8,"1",7.6,"12",91.8,NA,NA,NA,NA,NA,7,"TX",6,9,52.1,NA,6.56907459173165,27.9468238353729,"Non I-35 Corridor",0.789473684210526
"48095","Concho","13.5","20.899999999999999",NA,0,16.7002,2.6157,2.8169,4276,14.02,8.34,"     2.6","4,147","0",0,"0",0,"0",0,"0",0,"0",0,"1",24.1,NA,NA,NA,NA,NA,8,"TX",6,6,1.1,NA,5.32848925219497,24.1987973451614,"Non I-35 Corridor",0.789473684210526
"48097","Cooke","11.300000000000001","16.100000000000001",1.6189,NA,16.4496,2.9959,2.3074,40574,70,38,"     3.1","39,727","5",12.6,"3",7.6,"24",60.4,"15",37.8,"2",5,"17",42.8,"Micropolitan Statistical Area","Central","23620","Gainesville, TX","Micropolitan Statistical Area-Central",6,"TX",5,3,31.5,NA,6.42219448977633,24.2695182561874,"Non I-35 Corridor",0.921052631578947
"48099","Coryell","12.699999999999999","16.800000000000001",2.5535,0.2461,20.12,4.9223,2.6611,74808,77,74,"     4.1","78,317","28",35.8,"34",43.4,"62",79.2,"11",14,"31",39.6,"21",26.8,"Metropolitan Statistical Area","Central","28660","Killeen-Temple, TX","Metropolitan Statistical Area-Central",2,"TX",3,2,14.3,3.61041242944652,14.839998555835,12.8642752766609,"Non I-35 Corridor",0.973684210526316
"48101","Cottle","17.899999999999999","31.699999999999999",NA,0,11.5789,0,NA,1389,NA,NA,"     3.0","1,510","0",0,"0",0,"0",0,"0",0,"0",0,"0",0,NA,NA,NA,NA,NA,9,"TX",6,12,NA,NA,4.42028985507246,21.9790354371071,"Non I-35 Corridor",0.684210526315789
"48103","Crane","9","12.9",2.9557,NA,19.2118,2.7094,3.9409,4794,12,3,"     6.3","6,209","0",0,"0",0,"0",0,"0",0,"0",0,"2",32.2,NA,NA,NA,NA,NA,6,"TX",6,6,14.6,NA,3.55080213903743,24.4458824396133,"Non I-35 Corridor",0.789473684210526
"48105","Crockett","12.4","17.699999999999999",NA,0,10.7724,NA,2.6423,3499,30,10,"     4.5","4,040","0",0,"0",0,"1",24.8,"0",0,"0",0,"1",24.8,NA,NA,NA,NA,NA,7,"TX",6,11,26.6,NA,5.87475790832795,24.1987973451614,"Non I-35 Corridor",0.763157894736842
"48107","Crosby","19.800000000000001","30.300000000000001",2.2107,NA,17.6853,2.0806,3.1209,5779,8,10,"     3.6","6,464","0",0,"0",0,"3",46.4,"3",46.4,"1",15.5,"1",15.5,"Metropolitan Statistical Area","Outlying","31180","Lubbock, TX","Metropolitan Statistical Area-Outlying",2,"TX",3,2,17.4,NA,4.71459185661407,27.2771567106247,"Non I-35 Corridor",0.921052631578947
"48109","Culberson","18.600000000000001","29.399999999999999",NA,0,12.3249,NA,NA,2204,10,0,"     2.9","2,245","1",44.5,"1",44.5,"0",0,"0",0,"0",0,"2",89.1,NA,NA,NA,NA,NA,9,"TX",6,12,71.9,NA,5.53016453382084,24.4458824396133,"Non I-35 Corridor",0.736842105263158
"48111","Dallam","11.1","16",NA,0,9.2375,1.6129,2.0528,7200,17.9,10.85,"     1.8","7,237","0",0,"0",0,"0",0,"1",13.8,"0",0,"0",0,NA,NA,NA,NA,NA,7,"TX",6,11,19.4,NA,5.34082923401265,23.2821360230446,"Non I-35 Corridor",0.789473684210526
"48113","Dallas","13.699999999999999","20.100000000000001",1.897,0.1674,19.7851,3.8785,3.1388,2637772,5210,4005,"     3.7","2,734,111","505",18.5,"972",35.6,"2,535",92.7,"307",11.2,"1,224",44.8,"2,424",88.7,"Metropolitan Statistical Area","Central","19100","Dallas-Fort Worth-Arlington, TX","Metropolitan Statistical Area-Central",1,"TX",1,1,45.9,8.7238032415051,4.07822496622396,21.4845776557922,"Non I-35 Corridor",0.973684210526316
"48115","Dawson","18.699999999999999","24.399999999999999",1.0566,NA,12.3679,1.4916,1.9267,12619,39,20,"     4.6","13,592","0",0,"2",14.7,"4",29.4,"3",22.1,"2",14.7,"6",44.1,"Micropolitan Statistical Area","Central","29500","Lamesa, TX","Micropolitan Statistical Area-Central",7,"TX",5,8,9.1,NA,3.71708413615928,24.1987973451614,"Non I-35 Corridor",0.921052631578947
"48117","Deaf Smith","15.5","22.600000000000001",1.2848,0,11.4026,1.6595,1.9807,18760,73,41,"     2.5","18,143","0",0,"1",5.5,"6",33.1,"8",44.1,"5",27.6,"6",33.1,"Micropolitan Statistical Area","Central","25820","Hereford, TX","Micropolitan Statistical Area-Central",6,"TX",5,5,4.9,NA,2.85745035785395,23.2821360230446,"Non I-35 Corridor",0.947368421052632
"48119","Delta","14.300000000000001","21.5",NA,NA,15.8849,3.9446,3.9446,5349,17,6,"     3.6","5,367","0",0,"0",0,"3",55.9,"0",0,"1",18.6,"0",0,NA,NA,NA,NA,NA,8,"TX",6,4,4.2,NA,7.83938814531549,20.7215860486031,"Non I-35 Corridor",0.763157894736842
"48121","Denton","6.9000000000000004","7.5999999999999996",1.4876,0.2331,18.8744,2.7137,2.3043,859064,1188,781,"     2.9","897,953","146",16.3,"211",23.5,"941",104.8,"89",9.9,"322",35.9,"496",55.2,"Metropolitan Statistical Area","Outlying","19100","Dallas-Fort Worth-Arlington, TX","Metropolitan Statistical Area-Outlying",1,"TX",2,1,30.7,6.50910944350424,4.76025515709019,12.2009098529816,"Non I-35 Corridor",0.973684210526316
"48123","DeWitt","20.5","27.600000000000001",1.801,NA,16.1172,5.0061,2.8083,20187,115,60,"     3.1","21,737","0",0,"3",13.8,"11",50.6,"1",4.6,"6",27.6,"13",59.8,NA,NA,NA,NA,NA,6,"TX",6,6,34.8,NA,6.10371267150928,19.5224091410637,"Non I-35 Corridor",0.789473684210526
"48125","Dickens","18.899999999999999","27.699999999999999",NA,0,15.7025,NA,NA,2249,371.02,211.88,"     3.4","2,174","1",46,"0",0,"0",0,"1",46,"0",0,"0",0,NA,NA,NA,NA,NA,8,"TX",6,7,NA,NA,8.98305084745763,27.2771567106247,"Non I-35 Corridor",0.710526315789474
"48127","Dimmit","25.5","34.399999999999999",2.1739,NA,16.7297,1.7013,2.4575,10308,66,64,"     3.7","11,743","0",0,"0",0,"2",17,"1",8.5,"0",0,"7",59.6,NA,NA,NA,NA,NA,6,"TX",6,6,6,NA,4.93325594892629,26.7224907875061,"Non I-35 Corridor",0.789473684210526
"48129","Donley","16.300000000000001","24.800000000000001",2.8939,0,17.0418,2.2508,5.1447,3319,12,9,"     2.8","3,410","0",0,"0",0,"0",0,"2",58.7,"0",0,"1",29.3,NA,NA,NA,NA,NA,8,"TX",6,7,0.4,NA,6.9060773480663,23.2821360230446,"Non I-35 Corridor",0.815789473684211
"48131","Duval","20","32.100000000000001",2.4096,0,20.8584,3.0873,3.991,11212,28,12,"     5.4","11,796","8",67.8,"0",0,"3",25.4,"1",8.5,"1",8.5,"0",0,"Micropolitan Statistical Area","Outlying","10860","Alice, TX","Micropolitan Statistical Area-Outlying",7,"TX",6,9,3.1,NA,5.54368833282474,37.2842580080032,"Non I-35 Corridor",0.947368421052632
"48133","Eastland","17","23.199999999999999",0.9514,NA,16.4042,2.1654,2.395,18322,80,65,"     3.9","18,205","8",43.9,"0",0,"12",65.9,"7",38.5,"4",22,"9",49.4,NA,NA,NA,NA,NA,6,"TX",6,6,14.5,NA,7.30042313117066,27.9468238353729,"Non I-35 Corridor",0.789473684210526
"48135","Ector","13.6","17.899999999999999",2.2335,0.1613,17.0376,2.0077,2.3464,162124,636,450,"     5.1","184,841","29",15.7,"9",4.9,"64",34.6,"23",12.4,"8",4.3,"103",55.7,"Metropolitan Statistical Area","Central","36220","Odessa, TX","Metropolitan Statistical Area-Central",3,"TX",4,2,41.2,11.5032299858934,3.90443843047508,21.2533786892891,"Non I-35 Corridor",0.973684210526316
"48137","Edwards","19.100000000000001","31.800000000000001",NA,0,11.5578,NA,NA,1928,8,1,"     2.8","1,991","1",50.2,"0",0,"1",50.2,"0",0,"0",0,"1",50.2,NA,NA,NA,NA,NA,9,"TX",6,12,0.6,NA,8.50914205344585,26.7224907875061,"Non I-35 Corridor",0.736842105263158
"48139","Ellis","7.9000000000000004","11.1",1.505,0.2041,20.6811,3.1631,2.6529,179436,465,460,"     3.1","177,721","18",10.1,"28",15.8,"139",78.2,"16",9,"60",33.8,"104",58.5,"Metropolitan Statistical Area","Central","19100","Dallas-Fort Worth-Arlington, TX","Metropolitan Statistical Area-Central",1,"TX",2,1,30.8,2.07840793951833,5.36385128991193,16.6510537266731,"Non I-35 Corridor",0.973684210526316
"48141","El Paso","17.600000000000001","22.699999999999999",1.6697,0.2069,15.4533,2.0859,2.2174,840758,2330,1435,"     4.3","876,120","158",18,"190",21.7,"502",57.3,"141",16.1,"368",42,"512",58.4,"Metropolitan Statistical Area","Central","21340","El Paso, TX","Metropolitan Statistical Area-Central",2,"TX",3,2,27,14.4398994058848,6.34535387572676,23.1371074914932,"Non I-35 Corridor",0.973684210526316
"48143","Erath","12.6","15.5",0.9091,0.9313,17.6497,1.3304,2.439,42446,72,72,"     2.9","41,526","22",53,"5",12,"50",120.4,"6",14.4,"17",40.9,"21",50.6,"Micropolitan Statistical Area","Central","44500","Stephenville, TX","Micropolitan Statistical Area-Central",4,"TX",5,3,35.2,14.1027147725937,5.40604066282759,22.1984326839447,"Non I-35 Corridor",0.973684210526316
"48145","Falls","20","25.199999999999999",3.125,NA,19.0678,3.3898,3.072,17335,35,30,"     3.7","16,603","4",24.1,"4",24.1,"11",66.3,"2",12,"2",12,"1",6,"Metropolitan Statistical Area","Outlying","47380","Waco, TX","Metropolitan Statistical Area-Outlying",2,"TX",3,2,27.4,NA,7.43163602074493,20.4605266451836,"Non I-35 Corridor",0.921052631578947
"48147","Fannin","15.4","17.5",1.4551,0.2298,18.8589,4.0781,2.9102,35286,452,452,"     2.9","34,597","4",11.6,"15",43.4,"13",37.6,"12",34.7,"13",37.6,"10",28.9,"Micropolitan Statistical Area","Central","14300","Bonham, TX","Micropolitan Statistical Area-Central",6,"TX",6,4,18.4,NA,8.33099657899164,24.2695182561874,"Non I-35 Corridor",0.947368421052632
"48149","Fayette","9.4000000000000004","14.4",1.5449,NA,15.7504,1.5851,2.5482,25349,27,12,"     3.1","26,086","0",0,"0",0,"5",19.2,"6",23,"4",15.3,"12",46,NA,NA,NA,NA,NA,6,"TX",6,4,63.2,28.6474319623491,7.31328013095969,27.741950750351,"Non I-35 Corridor",0.815789473684211
"48151","Fisher","13.300000000000001","17.600000000000001",2.2624,0,18.4012,1.6591,NA,3839,7,5,"     3.0","3,985","0",0,"0",0,"1",25.1,"0",0,"1",25.1,"2",50.2,NA,NA,NA,NA,NA,8,"TX",6,7,3.1,NA,7.70697167755991,27.9468238353729,"Non I-35 Corridor",0.789473684210526
"48153","Floyd","17.699999999999999","29.5",NA,0,15.6489,2.1628,1.7812,5837,NA,NA,"     3.9","5,786","0",0,"0",0,"3",51.8,"1",17.3,"1",17.3,"3",51.8,NA,NA,NA,NA,NA,6,"TX",6,6,28.6,NA,5.60903369122547,27.2771567106247,"Non I-35 Corridor",0.736842105263158
"48155","Foard","16.800000000000001","29.899999999999999",NA,0,21.3439,7.5099,NA,1200,NA,NA,"     2.4","1,240","0",0,"0",0,"0",0,"2",161.3,"1",80.6,"0",0,NA,NA,NA,NA,NA,9,"TX",6,10,51.7,NA,8.0365296803653,21.9790354371071,"Non I-35 Corridor",0.710526315789474
"48157","Fort Bend","7.4000000000000004","9.4000000000000004",1.2157,0.2998,13.7463,1.7153,3.1333,787858,987,2847,"     4.0","840,383","122",14.5,"175",20.8,"573",68.2,"46",5.5,"256",30.5,"539",64.1,"Metropolitan Statistical Area","Central","26420","Houston-The Woodlands-Sugar Land, TX","Metropolitan Statistical Area-Central",1,"TX",2,1,20.7,4.2538761927565,3.23914441180438,13.6341407895088,"Non I-35 Corridor",0.973684210526316
"48159","Franklin","12.9","20.399999999999999",1.5532,0.7168,19.6535,2.7479,4.0024,10766,34,46,"     3.0","10,924","2",18.3,"1",9.2,"3",27.5,"1",9.2,"4",36.6,"3",27.5,NA,NA,NA,NA,NA,7,"TX",6,9,28.3,NA,6.90221063809248,20.7215860486031,"Non I-35 Corridor",0.815789473684211
"48161","Freestone","13.300000000000001","16.699999999999999",1.6886,NA,18.5366,3.2645,2.7017,19808,56,47,"     5.5","19,860","0",0,"0",0,"7",35.2,"0",0,"1",5,"9",45.3,NA,NA,NA,NA,NA,7,"TX",6,9,12.1,NA,6.71468999228197,20.4605266451836,"Non I-35 Corridor",0.789473684210526
"48163","Frio","22.300000000000001","28.800000000000001",2.2606,NA,13.8298,2.3936,4.7872,19816,348,48,"     3.3","20,023","0",0,"2",10,"3",15,"0",0,"1",5,"10",49.9,"Micropolitan Statistical Area","Central","37770","Pearsall, TX","Micropolitan Statistical Area-Central",6,"TX",6,4,9.4,NA,3.25809083491977,23.8479003310204,"Non I-35 Corridor",0.921052631578947
"48165","Gaines","11.1","19.800000000000001",1.2295,NA,15.4372,1.776,1.571,20901,21,17,"     2.8","22,121","1",4.5,"0",0,"3",13.6,"1",4.5,"1",4.5,"8",36.2,NA,NA,NA,NA,NA,7,"TX",6,9,10.7,NA,1.92147421057505,24.4458824396133,"Non I-35 Corridor",0.789473684210526
"48167","Galveston","9.9000000000000004","14.1",2.7056,0.1521,18.4759,3.3869,3.0529,337890,1123,832,"     4.6","355,196","79",22.2,"71",20,"191",53.8,"42",11.8,"92",25.9,"245",69,"Metropolitan Statistical Area","Central","26420","Houston-The Woodlands-Sugar Land, TX","Metropolitan Statistical Area-Central",1,"TX",2,1,41.2,19.1056284611129,6.77251755151391,15.7238751649857,"Non I-35 Corridor",0.973684210526316
"48169","Garza","20.600000000000001","23.399999999999999",NA,0,16.4659,NA,NA,6578,65.67,46.25,"     3.1","6,784","2",29.5,"0",0,"3",44.2,"1",14.7,"1",14.7,"2",29.5,NA,NA,NA,NA,NA,6,"TX",6,6,2,NA,3.62792297111417,27.2771567106247,"Non I-35 Corridor",0.736842105263158
"48171","Gillespie","9.1999999999999993","15.199999999999999",1.7752,NA,17.0867,1.5375,1.4424,26804,10,4,"     2.4","26,191","5",19.1,"5",19.1,"14",53.5,"2",7.6,"7",26.7,"30",114.5,"Micropolitan Statistical Area","Central","23240","Fredericksburg, TX","Micropolitan Statistical Area-Central",7,"TX",5,8,72,44.9017773620206,8.18334892422825,21.7678442597389,"Non I-35 Corridor",0.947368421052632
"48173","Glasscock","7.2999999999999998","9.9000000000000004",NA,0,7.362,NA,0,1388,1,NA,"     2.8","1,365","0",0,"0",0,"0",0,"0",0,"0",0,"0",0,NA,NA,NA,NA,NA,8,"TX",5,5,NA,NA,4.92831541218638,24.1987973451614,"Non I-35 Corridor",0.710526315789474
"48175","Goliad","13.199999999999999","20.800000000000001",2.193,NA,17.3684,3.4211,2.807,7584,30,14,"     4.5","7,717","1",13,"1",13,"7",90.7,"0",0,"2",25.9,"1",13,"Metropolitan Statistical Area","Outlying","47020","Victoria, TX","Metropolitan Statistical Area-Outlying",3,"TX",4,2,4.7,NA,7.58699372504278,19.5224091410637,"Non I-35 Corridor",0.921052631578947
"48177","Gonzales","14.300000000000001","22.300000000000001",1.4974,NA,13.5135,1.8992,2.1183,20826,93,65,"     2.7","21,347","3",14.1,"1",4.7,"5",23.4,"1",4.7,"4",18.7,"9",42.2,NA,NA,NA,NA,NA,6,"TX",6,4,13.7,NA,5.84643565867806,19.5224091410637,"Non I-35 Corridor",0.789473684210526
"48179","Gray","14.199999999999999","18",1.7705,NA,16.3773,4.4603,2.9282,21895,56,49,"     4.5","24,252","3",12.4,"1",4.1,"12",49.5,"6",24.7,"4",16.5,"12",49.5,"Micropolitan Statistical Area","Central","37420","Pampa, TX","Micropolitan Statistical Area-Central",6,"TX",5,5,67.8,NA,6.34569180760352,23.2821360230446,"Non I-35 Corridor",0.921052631578947
"48181","Grayson","13.6","20.800000000000001",2.093,0.1763,19.5803,4.1474,2.8531,133991,379,277,"     3.3","131,710","36",27.3,"21",15.9,"94",71.4,"23",17.5,"46",34.9,"124",94.1,"Metropolitan Statistical Area","Central","43300","Sherman-Denison, TX","Metropolitan Statistical Area-Central",3,"TX",4,2,64.4,2.21331975830548,7.57324243966859,24.2695182561874,"Non I-35 Corridor",0.973684210526316
"48183","Gregg","18.100000000000001","26.300000000000001",1.8127,0.1678,19.2414,3.2226,3.1286,123707,697,497,"     4.4","125,730","49",39,"35",27.8,"106",84.3,"32",25.5,"44",35,"150",119.3,"Metropolitan Statistical Area","Central","30980","Longview, TX","Metropolitan Statistical Area-Central",3,"TX",4,2,105,6.43920186092934,6.62271911396582,21.7248544096947,"Non I-35 Corridor",0.973684210526316
"48185","Grimes","15.300000000000001","20.600000000000001",1.8556,NA,19.4405,2.5978,2.5121,28360,72,58,"     4.6","28,930","3",10.4,"1",3.5,"9",31.1,"2",6.9,"0",0,"14",48.4,NA,NA,NA,NA,NA,6,"TX",6,4,9.4,NA,5.67514008473418,18.638750910759,"Non I-35 Corridor",0.789473684210526
"48187","Guadalupe","8.5","10.699999999999999",1.6491,0.107,15.4592,2.864,2.1653,163694,364,250,"     3.1","170,266","25",14.7,"47",27.6,"111",65.2,"19",11.2,"80",47,"61",35.8,"Metropolitan Statistical Area","Central","41700","San Antonio-New Braunfels, TX","Metropolitan Statistical Area-Central",1,"TX",2,1,18.9,10.4223362245666,9.59955068150498,13.9921694993973,"I-35 Corridor",0.973684210526316
"48189","Hale","17.600000000000001","24.600000000000001",1.9462,NA,19.4333,2.1179,2.5758,33830,95,56,"     4.3","33,202","11",33.1,"3",9,"37",111.4,"7",21.1,"4",12,"19",57.2,"Micropolitan Statistical Area","Central","38380","Plainview, TX","Micropolitan Statistical Area-Central",4,"TX",5,5,29.2,9.22452493696575,4.01881803087141,27.2771567106247,"Non I-35 Corridor",0.947368421052632
"48191","Hall","18.600000000000001","36.700000000000003",1.9784,0,14.7482,2.518,NA,3028,5,8,"     3.4","3,305","0",0,"0",0,"0",0,"0",0,"0",0,"0",0,NA,NA,NA,NA,NA,9,"TX",6,12,15.9,NA,6.44247787610619,23.2821360230446,"Non I-35 Corridor",0.789473684210526
"48193","Hamilton","14.699999999999999","20.899999999999999",2.4496,NA,23.5591,1.9452,3.17,8484,12,13,"     2.9","8,220","4",48.7,"1",12.2,"5",60.8,"2",24.3,"1",12.2,"10",121.7,NA,NA,NA,NA,NA,6,"TX",6,6,49.8,NA,8.08805643395768,12.8642752766609,"Non I-35 Corridor",0.789473684210526
"48195","Hansford","10.699999999999999","15.4",NA,0,14.9798,NA,2.0243,5463,3,3,"     2.2","5,820","0",0,"0",0,"2",34.4,"0",0,"0",0,"4",68.7,NA,NA,NA,NA,NA,7,"TX",6,9,5.9,NA,4.29517502365184,23.2821360230446,"Non I-35 Corridor",0.763157894736842
"48197","Hardeman","15","23.600000000000001",2.2663,0,15.864,4.6742,1.8414,3922,8,3,"     3.3","3,870","0",0,"3",77.5,"0",0,"2",51.7,"0",0,"3",77.5,NA,NA,NA,NA,NA,9,"TX",6,9,37.7,NA,6.11439842209073,21.9790354371071,"Non I-35 Corridor",0.815789473684211
"48199","Hardin","10.4","12.9",1.4731,NA,20.0982,7.3993,2.743,57207,154,162,"     5.6","56,486","8",14.2,"2",3.5,"26",46,"18",31.9,"7",12.4,"10",17.7,"Metropolitan Statistical Area","Outlying","13140","Beaumont-Port Arthur, TX","Metropolitan Statistical Area-Outlying",2,"TX",3,2,16.7,NA,7.38382742615283,16.871777176857,"Non I-35 Corridor",0.921052631578947
"48201","Harris","15.9","23.300000000000001",1.676,0.1996,16.064,2.7396,3.033,4698619,8673,6609,"     4.4","4,978,845","993",19.9,"1,722",34.6,"3,204",64.4,"335",6.7,"1,771",35.6,"4,416",88.7,"Metropolitan Statistical Area","Central","26420","Houston-The Woodlands-Sugar Land, TX","Metropolitan Statistical Area-Central",1,"TX",1,1,37.8,10.7373585041253,3.90197298962513,21.4472845196724,"Non I-35 Corridor",0.973684210526316
"48203","Harrison","15.6","21.899999999999999",1.5785,0.1797,21.5092,3.6191,2.5154,66726,250,238,"     4.8","68,247","12",17.6,"6",8.8,"37",54.2,"9",13.2,"11",16.1,"16",23.4,"Metropolitan Statistical Area","Outlying","30980","Longview, TX","Metropolitan Statistical Area-Outlying",4,"TX",5,5,36.2,NA,6.34088234866863,18.6485171318054,"Non I-35 Corridor",0.947368421052632
"48205","Hartley","9.5","9.0999999999999996",NA,NA,15.8664,NA,NA,5619,15.1,9.15,"     1.5","6,067","0",0,"1",16.5,"1",16.5,"0",0,"1",16.5,"8",131.9,NA,NA,NA,NA,NA,7,"TX",6,11,NA,NA,3.67892976588629,23.2821360230446,"Non I-35 Corridor",0.684210526315789
"48207","Haskell","20","25.600000000000001",1.3613,0,14.0314,1.9895,2.0942,5813,377.77,330.55,"     2.7","6,197","1",16.1,"1",16.1,"2",32.3,"2",32.3,"1",16.1,"4",64.5,NA,NA,NA,NA,NA,6,"TX",6,6,4.9,NA,5.5576070901034,27.9468238353729,"Non I-35 Corridor",0.815789473684211
"48209","Hays","9.5999999999999996","9.9000000000000004",1.8166,0.0927,17.2269,3.3428,1.6621,222631,356,219,"     2.8","234,896","72",30.7,"88",37.5,"214",91.1,"27",11.5,"121",51.5,"150",63.9,"Metropolitan Statistical Area","Central","12420","Austin-Round Rock-Georgetown, TX","Metropolitan Statistical Area-Central",1,"TX",2,1,22.2,11.6150281871845,4.69164174275202,14.4794166088104,"I-35 Corridor",0.973684210526316
"48211","Hemphill","9.5","14.5",NA,0,8.7336,NA,NA,3825,4.89,0.82,"     3.3","4,644","0",0,"0",0,"2",43.1,"1",21.5,"0",0,"6",129.2,NA,NA,NA,NA,NA,7,"TX",6,11,1.5,NA,5.52927261975163,23.2821360230446,"Non I-35 Corridor",0.736842105263158
"48213","Henderson","14.199999999999999","22.600000000000001",1.9655,0.1047,20.2836,3.4397,2.3039,82299,350,389,"     3.5","81,179","10",12.3,"17",20.9,"28",34.5,"18",22.2,"5",6.2,"43",53,"Micropolitan Statistical Area","Central","11980","Athens, TX","Micropolitan Statistical Area-Central",4,"TX",5,3,33.3,NA,7.61655508216677,30.9357047080994,"Non I-35 Corridor",0.947368421052632
"48215","Hidalgo","23.899999999999999","32.5",1.8611,0.1526,22.0324,3.2322,2.4125,865939,1055,936,"     7.0","870,366","126",14.5,"84",9.7,"433",49.7,"235",27,"249",28.6,"546",62.7,"Metropolitan Statistical Area","Central","32580","McAllen-Edinburg-Mission, TX","Metropolitan Statistical Area-Central",2,"TX",3,2,17.3,5.05293523859616,2.43562962444059,32.0111930370331,"Non I-35 Corridor",0.973684210526316
"48217","Hill","14","20.399999999999999",1.7277,NA,19.2899,2.3353,2.5441,36354,139,100,"     3.4","35,673","9",25.2,"6",16.8,"15",42,"3",8.4,"8",22.4,"12",33.6,NA,NA,NA,NA,NA,6,"TX",6,4,34.6,NA,7.37860288788538,20.4605266451836,"Non I-35 Corridor",0.789473684210526
"48219","Hockley","12.9","19.5",1.5531,NA,17.6445,2.0708,2.3296,22980,75,58,"     3.7","24,636","1",4.1,"1",4.1,"15",60.9,"4",16.2,"3",12.2,"11",44.7,"Micropolitan Statistical Area","Central","30220","Levelland, TX","Micropolitan Statistical Area-Central",6,"TX",5,5,27.7,NA,4.94962158146446,27.2771567106247,"Non I-35 Corridor",0.921052631578947
"48221","Hood","9.4000000000000004","14.800000000000001",1.4714,NA,19.3042,2.0951,1.7053,60537,142,98,"     3.6","58,643","9",15.3,"9",15.3,"53",90.4,"17",29,"15",25.6,"42",71.6,"Micropolitan Statistical Area","Central","24180","Granbury, TX","Micropolitan Statistical Area-Central",1,"TX",2,1,56.8,NA,8.60417546024222,22.1984326839447,"Non I-35 Corridor",0.921052631578947
"48223","Hopkins","12.699999999999999","18.899999999999999",1.877,NA,19.934,5.1964,2.8676,36810,94,83,"     3.0","37,040","4",10.8,"7",18.9,"22",59.4,"17",45.9,"17",45.9,"15",40.5,"Micropolitan Statistical Area","Central","44860","Sulphur Springs, TX","Micropolitan Statistical Area-Central",6,"TX",5,3,42.1,8.15505477478457,6.26036371544296,20.7215860486031,"Non I-35 Corridor",0.947368421052632
"48225","Houston","20","27.699999999999999",1.4085,NA,15.4636,2.7582,2.8169,23169,92,76,"     3.4","22,620","3",13.3,"4",17.7,"11",48.6,"4",17.7,"5",22.1,"5",22.1,NA,NA,NA,NA,NA,7,"TX",6,9,13.2,NA,8.0349859512372,26.1826246976852,"Non I-35 Corridor",0.789473684210526
"48227","Howard","15.699999999999999","17.800000000000001",2.2838,NA,15.9598,2.5829,2.3382,36459,58,57,"     5.4","41,236","3",7.3,"9",21.8,"10",24.3,"12",29.1,"11",26.7,"19",46.1,"Micropolitan Statistical Area","Central","13700","Big Spring, TX","Micropolitan Statistical Area-Central",4,"TX",5,5,19.2,11.4744693057946,6.41709695926563,24.1987973451614,"Non I-35 Corridor",0.947368421052632
"48229","Hudspeth","24.199999999999999","33.100000000000001",NA,0,7.4074,NA,NA,4795,107,102,"     3.7","3,400","0",0,"0",0,"0",0,"0",0,"0",0,"1",29.4,"Metropolitan Statistical Area","Outlying","21340","El Paso, TX","Metropolitan Statistical Area-Outlying",2,"TX",3,2,NA,NA,6.77701436602124,24.4458824396133,"Non I-35 Corridor",0.842105263157895
"48231","Hunt","12.6","17.600000000000001",2.2979,0.1117,21.3437,6.814,3.5347,96493,347,215,"     3.6","95,324","13",13.6,"18",18.9,"74",77.6,"13",13.6,"36",37.8,"51",53.5,"Metropolitan Statistical Area","Outlying","19100","Dallas-Fort Worth-Arlington, TX","Metropolitan Statistical Area-Outlying",1,"TX",2,1,29.3,5.00220096842611,7.10712713593981,15.1921257376671,"Non I-35 Corridor",0.973684210526316
"48233","Hutchinson","12.1","15.4",1.5116,NA,15.1495,2.7545,1.9819,21198,60,49,"     4.6","21,461","0",0,"0",0,"1",4.7,"4",18.6,"2",9.3,"8",37.3,"Micropolitan Statistical Area","Central","14420","Borger, TX","Micropolitan Statistical Area-Central",6,"TX",5,5,32.4,NA,6.45583741572489,23.2821360230446,"Non I-35 Corridor",0.921052631578947
"48235","Irion","6.9000000000000004","7.4000000000000004",NA,0,9.6154,NA,0,1522,5.51,3.89,"     3.1","1,508","0",0,"0",0,"0",0,"0",0,"0",0,"0",0,"Metropolitan Statistical Area","Outlying","41660","San Angelo, TX","Metropolitan Statistical Area-Outlying",3,"TX",4,2,NA,NA,6.87376074025116,24.1987973451614,"Non I-35 Corridor",0.868421052631579
"48237","Jack","13.6","18.399999999999999",1.34,0,17.7554,2.7638,2.2613,8843,15,17,"     3.8","8,841","3",33.9,"0",0,"2",22.6,"2",22.6,"0",0,"9",101.8,NA,NA,NA,NA,NA,6,"TX",6,4,8.5,NA,5.07554296506138,21.9790354371071,"Non I-35 Corridor",0.815789473684211
"48239","Jackson","12.699999999999999","17.5",2.1708,NA,18.6686,1.3507,3.4732,14874,60,43,"     3.3","15,899","0",0,"0",0,"7",44,"0",0,"2",12.6,"9",56.6,NA,NA,NA,NA,NA,6,"TX",6,6,16.5,NA,5.19081932212437,19.5224091410637,"Non I-35 Corridor",0.789473684210526
"48241","Jasper","17.300000000000001","24.899999999999999",1.739,NA,20.9457,7.1512,3.2044,35872,94,88,"     6.9","35,525","1",2.8,"0",0,"17",47.9,"9",25.3,"8",22.5,"15",42.2,NA,NA,NA,NA,NA,6,"TX",6,6,27.4,NA,7.2134627046695,26.2936353683472,"Non I-35 Corridor",0.789473684210526
"48243","Jeff Davis","22.199999999999999","59.700000000000003",NA,0,7.6596,NA,NA,2252,NA,NA,"     2.9","2,113","0",0,"0",0,"1",47.3,"0",0,"1",47.3,"1",47.3,NA,NA,NA,NA,NA,9,"TX",6,12,42.8,NA,11.0721442885772,24.4458824396133,"Non I-35 Corridor",0.684210526315789
"48245","Jefferson","18.300000000000001","25.899999999999999",1.5366,0.3262,19.1962,6.8369,3.5697,255001,945,663,"     6.9","258,678","78",30.2,"29",11.2,"170",65.7,"88",34,"70",27.1,"181",70,"Metropolitan Statistical Area","Central","13140","Beaumont-Port Arthur, TX","Metropolitan Statistical Area-Central",2,"TX",3,2,70.3,7.40665663519487,5.77602270335171,25.6831437349319,"Non I-35 Corridor",0.973684210526316
"48247","Jim Hogg","20.100000000000001","30.5",2.4779,0,21.0619,NA,3.0088,5248,11,6,"     6.4","5,077","0",0,"0",0,"0",0,"1",19.7,"2",39.4,"0",0,NA,NA,NA,NA,NA,6,"TX",6,6,NA,NA,4.56800330715172,37.2842580080032,"Non I-35 Corridor",0.763157894736842
"48249","Jim Wells","20.100000000000001","32.899999999999999",2.5824,0.3022,22.7747,4.6978,4.4505,40822,61,55,"     6.9","42,890","15",35,"1",2.3,"25",58.3,"13",30.3,"6",14,"22",51.3,"Micropolitan Statistical Area","Central","10860","Alice, TX","Micropolitan Statistical Area-Central",4,"TX",5,5,44,12.8564449358463,5.19914633205626,22.7710723876953,"Non I-35 Corridor",0.973684210526316
"48251","Johnson","9.5","11.699999999999999",1.5045,0.2075,22.5673,4.2911,3.1127,171361,805,623,"     3.2","171,701","27",15.7,"30",17.5,"108",62.9,"22",12.8,"49",28.5,"64",37.3,"Metropolitan Statistical Area","Central","19100","Dallas-Fort Worth-Arlington, TX","Metropolitan Statistical Area-Central",1,"TX",2,1,37.3,2.2231238224391,5.38829636463677,21.1943313479424,"Non I-35 Corridor",0.973684210526316
"48253","Jones","19.5","21.199999999999999",1.7008,NA,16.0052,2.0933,2.9655,19817,35,22,"     4.0","19,735","3",15.2,"0",0,"5",25.3,"3",15.2,"2",10.1,"4",20.3,"Metropolitan Statistical Area","Outlying","10180","Abilene, TX","Metropolitan Statistical Area-Outlying",3,"TX",4,2,10.8,NA,5.8892335859228,27.9468238353729,"Non I-35 Corridor",0.921052631578947
"48255","Karnes","17.5","22.899999999999999",1.8519,NA,17.5381,2.342,4.4118,15650,10,NA,"     3.1","15,393","3",19.5,"0",0,"5",32.5,"1",6.5,"4",26,"5",32.5,NA,NA,NA,NA,NA,6,"TX",6,4,23.2,NA,5.37049626104691,19.5224091410637,"Non I-35 Corridor",0.763157894736842
"48257","Kaufman","9.1999999999999993","12.699999999999999",1.7758,0.1758,21.0989,4.0527,2.9099,128622,422,364,"     3.4","125,134","38",30.4,"29",23.2,"81",64.7,"19",15.2,"47",37.6,"43",34.4,"Metropolitan Statistical Area","Outlying","19100","Dallas-Fort Worth-Arlington, TX","Metropolitan Statistical Area-Outlying",1,"TX",2,1,20.7,NA,5.05883972197371,13.700333237648,"Non I-35 Corridor",0.947368421052632
"48259","Kendall","6.7000000000000002","8.5999999999999996",1.6324,NA,15.8857,1.7533,1.9045,45641,55,39,"     2.7","46,278","19",41.1,"7",15.1,"60",129.7,"5",10.8,"9",19.4,"48",103.7,"Metropolitan Statistical Area","Outlying","41700","San Antonio-New Braunfels, TX","Metropolitan Statistical Area-Outlying",1,"TX",2,1,29.5,15.8088484383116,8.3380383477495,21.7678442597389,"I-35 Corridor",0.947368421052632
"48261","Kenedy","10.800000000000001","13.800000000000001",NA,0,NA,NA,NA,442,1.23,0.99,"     4.3","476","0",0,"0",0,"0",0,"0",0,"0",0,"0",0,"Micropolitan Statistical Area","Outlying","28780","Kingsville, TX","Micropolitan Statistical Area-Outlying",9,"TX",5,8,NA,NA,5.71428571428571,22.7710723876953,"Non I-35 Corridor",0.815789473684211
"48263","Kent","11.300000000000001","12.300000000000001",NA,0,28.6822,NA,NA,726,5.33,3.75,"     2.3","795","0",0,"0",0,"0",0,"1",125.8,"0",0,"0",0,NA,NA,NA,NA,NA,9,"TX",6,10,NA,NA,8.23373173970784,27.9468238353729,"Non I-35 Corridor",0.710526315789474
"48265","Kerr","11.6","16.5",1.99,NA,16.7868,1.8099,2.0587,52405,135,204,"     3.3","52,267","58",111,"24",45.9,"72",137.8,"5",9.6,"26",49.7,"53",101.4,"Micropolitan Statistical Area","Central","28500","Kerrville, TX","Micropolitan Statistical Area-Central",4,"TX",5,3,39.4,9.50606486938667,10.570744134758,21.7678442597389,"Non I-35 Corridor",0.947368421052632
"48267","Kimble","15.699999999999999","32.700000000000003",1.2422,NA,13.2505,1.5528,1.4493,4362,11,14,"     2.9","4,344","0",0,"0",0,"0",0,"0",0,"2",46,"2",46,NA,NA,NA,NA,NA,7,"TX",6,9,18.9,NA,9.77601493233784,24.1987973451614,"Non I-35 Corridor",0.789473684210526
"48269","King","12.4","21.300000000000001",0,0,NA,NA,NA,277,43.98,25.12,"     0.6","309","0",0,"0",0,"0",0,"0",0,"0",0,"0",0,NA,NA,NA,NA,NA,9,"TX",6,12,NA,NA,6.79245283018868,27.2771567106247,"Non I-35 Corridor",0.710526315789474
"48271","Kinney","17.899999999999999","22.699999999999999",2.0408,0,9.1837,NA,NA,3767,28,28,"     4.7","3,462","0",0,"0",0,"0",0,"0",0,"0",0,"0",0,NA,NA,NA,NA,NA,7,"TX",6,10,1.6,NA,8.94854586129754,26.7224907875061,"Non I-35 Corridor",0.763157894736842
"48273","Kleberg","20.800000000000001","30",1.5103,NA,19.1304,3.524,4.2105,31129,91.77,74.01,"     4.9","30,987","14",45.2,"1",3.2,"24",77.5,"8",25.8,"7",22.6,"18",58.1,"Micropolitan Statistical Area","Central","28780","Kingsville, TX","Micropolitan Statistical Area-Central",4,"TX",5,5,23.6,12.8865979381443,6.67525773195876,22.7710723876953,"Non I-35 Corridor",0.947368421052632
"48275","Knox","16.300000000000001","24.600000000000001",2.4077,0,21.3483,3.3708,5.939,3653,8,4,"     3.4","3,937","0",0,"0",0,"1",25.4,"1",25.4,"0",0,"1",25.4,NA,NA,NA,NA,NA,9,"TX",6,12,26.4,NA,6.08410378765285,27.9468238353729,"Non I-35 Corridor",0.815789473684211
"48277","Lamar","19.600000000000001","26.899999999999999",1.754,0.2793,18.8694,6.2786,3.2845,49728,152,82,"     4.0","50,014","5",10,"12",24,"31",62,"19",38,"18",36,"37",74,"Micropolitan Statistical Area","Central","37580","Paris, TX","Micropolitan Statistical Area-Central",5,"TX",5,8,68.2,NA,6.83397220891231,20.7215860486031,"Non I-35 Corridor",0.947368421052632
"48279","Lamb","17.600000000000001","24.5",1.0465,NA,14.9419,1.9186,2.1512,13158,43,39,"     3.6","12,776","1",7.8,"0",0,"5",39.1,"3",23.5,"2",15.7,"5",39.1,NA,NA,NA,NA,NA,6,"TX",6,6,14.5,NA,4.024530471445,27.2771567106247,"Non I-35 Corridor",0.789473684210526
"48281","Lampasas","10","18",1.7651,NA,17.4985,2.4954,2.1911,21229,27,26,"     3.3","21,037","8",38,"5",23.8,"15",71.3,"1",4.8,"7",33.3,"8",38,"Metropolitan Statistical Area","Outlying","28660","Killeen-Temple, TX","Metropolitan Statistical Area-Outlying",2,"TX",3,2,15.9,18.4953992694317,13.3860452212512,12.8642752766609,"Non I-35 Corridor",0.947368421052632
"48283","La Salle","24","28.300000000000001",2.1605,0,11.7284,1.6975,3.7037,7531,NA,NA,"     2.7","8,309","1",12,"0",0,"2",24.1,"0",0,"0",0,"1",12,NA,NA,NA,NA,NA,6,"TX",6,6,8,NA,2.41596638655462,26.7224907875061,"Non I-35 Corridor",0.763157894736842
"48285","Lavaca","10.6","14.5",1.6277,0,20.0407,2.8484,3.586,20110,29,22,"     3.2","20,735","1",4.8,"1",4.8,"6",28.9,"4",19.3,"1",4.8,"13",62.7,NA,NA,NA,NA,NA,6,"TX",6,6,12.4,NA,6.24969267836947,19.5224091410637,"Non I-35 Corridor",0.815789473684211
"48287","Lee","10.6","15",2.2546,NA,17.595,3.3599,3.1388,17144,44,20,"     3.2","17,595","4",22.7,"0",0,"11",62.5,"2",11.4,"3",17.1,"4",22.7,NA,NA,NA,NA,NA,6,"TX",6,4,11,NA,6.76278750429111,27.741950750351,"Non I-35 Corridor",0.789473684210526
"48289","Leon","13.800000000000001","17.899999999999999",1.5291,NA,16.1774,2.8135,1.6514,17270,30,19,"     5.1","17,707","2",11.3,"0",0,"2",11.3,"3",16.9,"1",5.6,"4",22.6,NA,NA,NA,NA,NA,8,"TX",6,7,7.8,NA,9.09727081875437,18.638750910759,"Non I-35 Corridor",0.789473684210526
"48291","Liberty","14.4","20",1.8196,NA,18.3333,5.948,3.1346,86323,225,122,"     6.5","85,284","11",12.9,"4",4.7,"20",23.5,"3",3.5,"4",4.7,"31",36.3,"Metropolitan Statistical Area","Outlying","26420","Houston-The Woodlands-Sugar Land, TX","Metropolitan Statistical Area-Outlying",1,"TX",2,1,28.8,3.27410835115903,5.1709084559305,24.7739434242249,"Non I-35 Corridor",0.947368421052632
"48293","Limestone","16.800000000000001","19.699999999999999",1.5054,0.6726,23.3824,3.0109,5.8296,23519,839,132,"     4.5","23,544","3",12.7,"0",0,"10",42.5,"8",34,"3",12.7,"18",76.5,NA,NA,NA,NA,NA,6,"TX",6,6,25.9,NA,6.85902646076041,20.4605266451836,"Non I-35 Corridor",0.815789473684211
"48295","Lipscomb","11.300000000000001","14.800000000000001",NA,0,11.4471,NA,NA,3355,3,2,"     2.4","3,651","0",0,"0",0,"2",54.8,"0",0,"0",0,"0",0,NA,NA,NA,NA,NA,9,"TX",6,12,0.1,NA,4.11899313501144,23.2821360230446,"Non I-35 Corridor",0.736842105263158
"48297","Live Oak","17","23.800000000000001",2.0492,NA,17.459,4.0164,3.6066,12166,46.27,41.54,"     4.6","12,030","1",8.3,"0",0,"6",49.9,"1",8.3,"0",0,"1",8.3,NA,NA,NA,NA,NA,8,"TX",6,7,5.3,NA,7.31363034847817,37.2842580080032,"Non I-35 Corridor",0.789473684210526
"48299","Llano","10.9","20.300000000000001",2.6365,NA,17.535,3.892,1.2346,21646,40,35,"     3.6","19,452","3",15.4,"1",5.1,"4",20.6,"2",10.3,"2",10.3,"12",61.7,NA,NA,NA,NA,NA,7,"TX",6,11,20.8,23.5371651838253,11.561455538295,12.8642752766609,"Non I-35 Corridor",0.815789473684211
"48301","Loving","3.8999999999999999","11.300000000000001",0,0,0,NA,0,152,1.77,1.38,"     0.8","92","0",0,"0",0,"0",0,"0",0,"0",0,"0",0,"Micropolitan Statistical Area","Outlying","37780","Pecos, TX","Micropolitan Statistical Area-Outlying",9,"TX",6,12,NA,NA,29.6875,24.4458824396133,"Non I-35 Corridor",0.894736842105263
"48303","Lubbock","15.800000000000001","18.399999999999999",1.6691,0.2669,19.3921,2.5176,2.8602,307412,1211,1174,"     3.0","317,210","108",34,"66",20.8,"379",119.5,"160",50.4,"123",38.8,"274",86.4,"Metropolitan Statistical Area","Central","31180","Lubbock, TX","Metropolitan Statistical Area-Central",2,"TX",3,2,85.7,11.91093198214,5.00291334957942,17.2895476222038,"Non I-35 Corridor",0.973684210526316
"48305","Lynn","14.4","19.600000000000001",NA,0,17.4515,1.8006,1.5235,5877,15,44,"     2.9","5,588","1",17.9,"0",0,"5",89.5,"0",0,"0",0,"6",107.4,"Metropolitan Statistical Area","Outlying","31180","Lubbock, TX","Metropolitan Statistical Area-Outlying",2,"TX",3,2,11.9,NA,4.1458184417441,27.2771567106247,"Non I-35 Corridor",0.921052631578947
"48307","McCulloch","16.199999999999999","27.100000000000001",1.3816,NA,15.6579,1.5132,2.0395,7987,21,16,"     4.4","8,660","2",23.1,"0",0,"7",80.8,"1",11.5,"2",23.1,"5",57.7,NA,NA,NA,NA,NA,7,"TX",6,9,17.6,NA,7.45740498034076,24.1987973451614,"Non I-35 Corridor",0.789473684210526
"48309","McLennan","17","20.699999999999999",1.9419,0.1402,21.3053,2.7195,3.8073,254607,1562,1241,"     3.4","253,066","63",24.9,"173",68.4,"220",86.9,"80",31.6,"196",77.5,"222",87.7,"Metropolitan Statistical Area","Central","47380","Waco, TX","Metropolitan Statistical Area-Central",2,"TX",3,2,48.9,9.59401947202192,5.96748011159763,15.4888331890106,"Non I-35 Corridor",0.973684210526316
"48311","McMullen","9.6999999999999993","12",0,0,13.6364,NA,NA,749,2.73,2.46,"     2.0","783","0",0,"0",0,"1",127.7,"0",0,"0",0,"0",0,NA,NA,NA,NA,NA,9,"TX",6,12,NA,NA,7.16666666666667,37.2842580080032,"Non I-35 Corridor",0.736842105263158
"48313","Madison","17.399999999999999","21.600000000000001",1.8385,NA,21.7334,3.086,2.6921,14422,36,17,"     4.0","14,527","1",6.9,"0",0,"2",13.8,"3",20.7,"1",6.9,"8",55.1,NA,NA,NA,NA,NA,6,"TX",6,6,23.2,NA,5.70048309178744,18.638750910759,"Non I-35 Corridor",0.789473684210526
"48315","Marion","20","31.100000000000001",1.5419,0,20.9251,4.13,3.1388,9928,33,28,"     5.1","10,294","1",9.7,"0",0,"4",38.9,"3",29.1,"0",0,"1",9.7,NA,NA,NA,NA,NA,8,"TX",6,7,9.8,NA,9.99485861182519,18.6485171318054,"Non I-35 Corridor",0.815789473684211
"48317","Martin","11.1","17",2.439,0,18.1185,2.439,3.1359,5753,7,4,"     3.2","6,044","0",0,"0",0,"0",0,"0",0,"1",16.5,"3",49.6,"Metropolitan Statistical Area","Outlying","33260","Midland, TX","Metropolitan Statistical Area-Outlying",3,"TX",4,2,24.5,NA,4.2963528737827,24.1987973451614,"Non I-35 Corridor",0.947368421052632
"48319","Mason","9.8000000000000007","20.100000000000001",1.7957,0,15.8249,NA,NA,4280,2,0,"     3.0","3,899","1",25.6,"0",0,"2",51.3,"0",0,"1",25.6,"2",51.3,NA,NA,NA,NA,NA,9,"TX",6,10,2.5,NA,8.52517075638755,24.1987973451614,"Non I-35 Corridor",0.763157894736842
"48321","Matagorda","17.300000000000001","24",2.1938,NA,16.7733,3.0393,3.1993,36552,120,119,"     6.2","37,064","4",10.8,"2",5.4,"11",29.7,"4",10.8,"3",8.1,"19",51.3,"Micropolitan Statistical Area","Central","13060","Bay City, TX","Micropolitan Statistical Area-Central",4,"TX",5,3,30,24.8241621845263,6.21707350710247,19.623938202858,"Non I-35 Corridor",0.947368421052632
"48323","Maverick","20","27.899999999999999",2.0872,NA,14.1819,1.025,2.3668,58485,102,18,"    10.2","59,938","3",5,"2",3.3,"12",20,"9",15,"7",11.7,"28",46.7,"Micropolitan Statistical Area","Central","20580","Eagle Pass, TX","Micropolitan Statistical Area-Central",5,"TX",5,8,9.5,NA,2.04190923696167,26.7224907875061,"Non I-35 Corridor",0.921052631578947
"48325","Medina","11.199999999999999","17.199999999999999",1.7091,NA,16.4944,3.5771,3.4579,50921,78,63,"     3.4","50,594","14",27.7,"7",13.8,"24",47.4,"4",7.9,"10",19.8,"20",39.5,"Metropolitan Statistical Area","Outlying","41700","San Antonio-New Braunfels, TX","Metropolitan Statistical Area-Outlying",1,"TX",2,1,15,NA,8.41018365255774,23.8479003310204,"Non I-35 Corridor",0.921052631578947
"48327","Menard","19.100000000000001","34.5",NA,0,14.2268,2.6804,NA,2139,5,2,"     3.7","2,188","0",0,"0",0,"1",45.7,"0",0,"0",0,"1",45.7,NA,NA,NA,NA,NA,9,"TX",6,12,1.6,NA,10.0407747196738,24.1987973451614,"Non I-35 Corridor",0.763157894736842
"48329","Midland","9.6999999999999993","13.1",1.8557,0.1354,17.3622,2.0787,2.23,172578,464,399,"     3.5","187,364","49",26.2,"19",10.1,"129",68.8,"36",19.2,"22",11.7,"106",56.6,"Metropolitan Statistical Area","Central","33260","Midland, TX","Metropolitan Statistical Area-Central",3,"TX",4,2,21.3,11.17758834707,4.56104433972809,15.8992424607277,"Non I-35 Corridor",0.973684210526316
"48331","Milam","17.399999999999999","24",2.2762,NA,18.056,5.9982,2.1839,25131,105,67,"     3.9","24,635","2",8.1,"1",4.1,"8",32.5,"2",8.1,"1",4.1,"6",24.4,NA,NA,NA,NA,NA,6,"TX",6,4,24.1,NA,6.57671487436374,18.638750910759,"Non I-35 Corridor",0.789473684210526
"48333","Mills","14.4","22.800000000000001",1.8059,0,16.14,3.4989,2.2573,4921,4,4,"     3.7","4,870","1",20.5,"2",41.1,"7",143.7,"3",61.6,"0",0,"2",41.1,NA,NA,NA,NA,NA,9,"TX",6,10,7.6,NA,9.15619389587074,12.8642752766609,"Non I-35 Corridor",0.815789473684211
"48335","Mitchell","18.699999999999999","21.899999999999999",1.8692,NA,16.3032,2.3884,2.9076,8145,16,36,"     4.9","9,865","1",10.1,"0",0,"1",10.1,"1",10.1,"0",0,"4",40.5,NA,NA,NA,NA,NA,7,"TX",6,9,52.7,NA,4.84983314794216,27.9468238353729,"Non I-35 Corridor",0.789473684210526
"48337","Montague","12.4","18.199999999999999",1.3454,NA,16.3519,2.9237,2.6908,19596,61,52,"     3.2","19,199","1",5.2,"1",5.2,"6",31.3,"5",26,"2",10.4,"8",41.7,NA,NA,NA,NA,NA,6,"TX",6,4,39,NA,7.8236914600551,21.9790354371071,"Non I-35 Corridor",0.789473684210526
"48339","Montgomery","8.1999999999999993","10.9",1.6004,0.1593,17.0111,2.9875,2.1486,590925,939,750,"     4.0","613,951","84",13.7,"93",15.1,"429",69.9,"34",5.5,"110",17.9,"581",94.6,"Metropolitan Statistical Area","Outlying","26420","Houston-The Woodlands-Sugar Land, TX","Metropolitan Statistical Area-Outlying",1,"TX",2,1,37.5,6.12465609250165,5.61630963682401,13.8627961277962,"Non I-35 Corridor",0.973684210526316
"48341","Moore","10.6","14.800000000000001",1.473,NA,17.2941,1.4184,2.2913,21485,39,26,"     2.3","21,575","1",4.6,"0",0,"3",13.9,"3",13.9,"3",13.9,"15",69.5,"Micropolitan Statistical Area","Central","20300","Dumas, TX","Micropolitan Statistical Area-Central",7,"TX",5,8,33.5,14.0462590130162,3.31023504073415,23.2821360230446,"Non I-35 Corridor",0.947368421052632
"48343","Morris","17","25.100000000000001",1.5238,NA,18.381,4.2857,3.7143,12339,27,13,"     7.4","12,448","0",0,"1",8,"5",40.2,"3",24.1,"2",16.1,"4",32.1,NA,NA,NA,NA,NA,6,"TX",6,6,12.8,NA,7.61713856176397,20.7215860486031,"Non I-35 Corridor",0.789473684210526
"48345","Motley","16.300000000000001","27.5",NA,0,12.8906,NA,NA,1234,NA,NA,"     4.1","1,172","0",0,"0",0,"0",0,"0",0,"0",0,"0",0,NA,NA,NA,NA,NA,9,"TX",6,12,NA,NA,6.49106302916275,27.2771567106247,"Non I-35 Corridor",0.657894736842105
"48347","Nacogdoches","19.5","23.5",1.6587,NA,15.7643,3.0122,2.9061,65711,233,0,"     3.8","64,106","10",15.6,"23",35.9,"76",118.6,"29",45.2,"37",57.7,"58",90.5,"Micropolitan Statistical Area","Central","34860","Nacogdoches, TX","Micropolitan Statistical Area-Central",5,"TX",5,8,54.1,7.73359318206425,5.82030222882156,17.5960138440132,"Non I-35 Corridor",0.947368421052632
"48349","Navarro","14.800000000000001","21.899999999999999",1.8321,0.2703,21.5948,3.1987,3.7243,49565,211,218,"     3.7","47,985","5",10.4,"7",14.6,"30",62.5,"11",22.9,"6",12.5,"25",52.1,"Micropolitan Statistical Area","Central","18620","Corsicana, TX","Micropolitan Statistical Area-Central",4,"TX",5,3,23.7,NA,5.67041653998176,20.4605266451836,"Non I-35 Corridor",0.947368421052632
"48351","Newton","21.300000000000001","27.899999999999999",1.7284,0,21.7284,9.2593,3.2716,13746,579,154,"     7.4","13,724","1",7.3,"1",7.3,"1",7.3,"1",7.3,"4",29.1,"3",21.9,NA,NA,NA,NA,NA,2,"TX",3,2,7.1,NA,7.84971760661374,26.2936353683472,"Non I-35 Corridor",0.815789473684211
"48353","Nolan","17.199999999999999","24.399999999999999",1.7234,NA,21.3605,2.5397,3.4014,14751,43,31,"     3.4","15,642","5",32,"1",6.4,"8",51.1,"3",19.2,"0",0,"8",51.1,"Micropolitan Statistical Area","Central","45020","Sweetwater, TX","Micropolitan Statistical Area-Central",6,"TX",5,5,25,NA,6.73768489618673,27.9468238353729,"Non I-35 Corridor",0.921052631578947
"48355","Nueces","17.5","25.899999999999999",2.2108,0.2916,19.0051,5.4574,4.1866,362265,1044,500,"     5.0","383,718","129",33.6,"62",16.2,"363",94.6,"86",22.4,"101",26.3,"363",94.6,"Metropolitan Statistical Area","Central","18580","Corpus Christi, TX","Metropolitan Statistical Area-Central",2,"TX",3,2,70,22.0851808436539,7.24818646688072,19.1984876990318,"Non I-35 Corridor",0.973684210526316
"48357","Ochiltree","9.1999999999999993","14.199999999999999",1.0837,0,9.8522,NA,1.8719,9947,25,25,"     3.1","11,309","0",0,"0",0,"3",26.5,"1",8.8,"0",0,"6",53.1,NA,NA,NA,NA,NA,7,"TX",6,11,21,NA,4.31352970544184,23.2821360230446,"Non I-35 Corridor",0.789473684210526
"48359","Oldham","14","28.800000000000001",NA,0,11.0266,NA,NA,2131,7,4,"     2.7","2,200","0",0,"2",90.9,"6",272.7,"1",45.5,"1",45.5,"0",0,"Metropolitan Statistical Area","Outlying","11100","Amarillo, TX","Metropolitan Statistical Area-Outlying",2,"TX",3,2,NA,NA,6.25711035267349,23.2821360230446,"Non I-35 Corridor",0.842105263157895
"48361","Orange","15.1","21.100000000000001",1.4085,0.2074,18.9868,6.5728,2.7951,83572,181,103,"     6.4","86,155","12",13.9,"3",3.5,"22",25.5,"11",12.8,"6",7,"22",25.5,"Metropolitan Statistical Area","Central","13140","Beaumont-Port Arthur, TX","Metropolitan Statistical Area-Central",2,"TX",3,2,52.4,4.71653617583247,7.45802282803509,16.871777176857,"Non I-35 Corridor",0.973684210526316
"48363","Palo Pinto","13.9","20.899999999999999",2.0349,NA,20.5264,3.539,2.8091,28875,97,81,"     3.9","27,859","4",14.4,"4",14.4,"4",14.4,"3",10.8,"9",32.3,"16",57.4,"Micropolitan Statistical Area","Central","33420","Mineral Wells, TX","Micropolitan Statistical Area-Central",6,"TX",5,3,25.6,10.5600337921081,7.34626350804323,22.1984326839447,"Non I-35 Corridor",0.947368421052632
"48365","Panola","15.300000000000001","19.5",1.4339,NA,14.1521,2.8367,1.7768,23148,43,35,"     4.8","24,576","1",4.1,"3",12.2,"5",20.3,"3",12.2,"4",16.3,"6",24.4,NA,NA,NA,NA,NA,6,"TX",6,6,21.2,NA,6.53150148948468,21.0098430514336,"Non I-35 Corridor",0.789473684210526
"48367","Parker","8","9.8000000000000007",1.7363,NA,19.2668,3.5823,2.6464,138371,425,363,"     3.0","135,621","25",18.4,"14",10.3,"91",67.1,"18",13.3,"47",34.7,"68",50.1,"Metropolitan Statistical Area","Outlying","19100","Dallas-Fort Worth-Arlington, TX","Metropolitan Statistical Area-Outlying",1,"TX",2,1,27.4,4.7226457610881,6.79656191388593,16.9883906841278,"Non I-35 Corridor",0.947368421052632
"48369","Parmer","12.199999999999999","17.699999999999999",NA,0,12.7256,1.3538,1.1733,9864,32,0,"     1.9","9,200","0",0,"0",0,"0",0,"1",10.9,"0",0,"2",21.7,NA,NA,NA,NA,NA,7,"TX",6,9,19.8,NA,3.06008714155436,23.2821360230446,"Non I-35 Corridor",0.789473684210526
"48371","Pecos","16.5","19.699999999999999",1.2574,NA,12.9054,1.456,2.7134,15673,27,31,"     5.0","16,533","3",18.1,"0",0,"1",6,"2",12.1,"1",6,"8",48.4,NA,NA,NA,NA,NA,7,"TX",6,11,18.8,NA,5.00230369248996,24.4458824396133,"Non I-35 Corridor",0.789473684210526
"48373","Polk","15","22.899999999999999",1.8247,NA,15.6747,2.3547,1.9115,50031,955,215,"     6.0","49,080","5",10.2,"6",12.2,"22",44.8,"7",14.3,"7",14.3,"30",61.1,NA,NA,NA,NA,NA,6,"TX",6,4,27.2,NA,8.51505296969455,26.1826246976852,"Non I-35 Corridor",0.789473684210526
"48375","Potter","20.800000000000001","29.199999999999999",2.4616,0.2372,18.981,3.2385,2.9686,119648,612,461,"     3.0","122,706","32",26.1,"43",35,"139",113.3,"63",51.3,"53",43.2,"141",114.9,"Metropolitan Statistical Area","Central","11100","Amarillo, TX","Metropolitan Statistical Area-Central",2,"TX",3,2,102.8,25.3111157983548,5.5861632566969,28.6839157342911,"Non I-35 Corridor",0.973684210526316
"48377","Presidio","19.399999999999999","32.399999999999999",1.2397,0,8.4298,NA,NA,6948,73,76,"     7.0","5,906","0",0,"1",16.9,"3",50.8,"0",0,"0",0,"3",50.8,NA,NA,NA,NA,NA,7,"TX",6,11,5.8,NA,2.18561409231773,24.4458824396133,"Non I-35 Corridor",0.763157894736842
"48379","Rains","13.6","20.300000000000001",2.207,NA,20.4022,4.6101,2.5012,12159,22,20,"     2.9","11,378","0",0,"0",0,"2",17.6,"2",17.6,"1",8.8,"1",8.8,NA,NA,NA,NA,NA,8,"TX",6,4,1.5,NA,9.61854653074647,22.6406246423721,"Non I-35 Corridor",0.789473684210526
"48381","Randall","9.5999999999999996","11.6",1.4556,0.1348,17.6629,2.0284,1.9004,136271,364,179,"     2.5","138,104","21",15.2,"21",15.2,"137",99.2,"51",36.9,"78",56.5,"44",31.9,"Metropolitan Statistical Area","Central","11100","Amarillo, TX","Metropolitan Statistical Area-Central",2,"TX",3,2,26.8,7.10464430598282,6.27695324433582,10.1919688284397,"Non I-35 Corridor",0.973684210526316
"48383","Reagan","8.3000000000000007","10.1",NA,0,13.2013,3.9604,NA,3741,78,17,"     4.7","4,226","0",0,"0",0,"0",0,"0",0,"0",0,"2",47.3,NA,NA,NA,NA,NA,6,"TX",6,6,1.6,NA,4.28360413589365,24.1987973451614,"Non I-35 Corridor",0.763157894736842
"48385","Real","16.399999999999999","32.100000000000001",2.1965,0,16.763,2.0809,5.5491,3478,NA,NA,"     4.5","3,407","0",0,"1",29.4,"0",0,"1",29.4,"1",29.4,"0",0,NA,NA,NA,NA,NA,9,"TX",6,10,1.4,NA,12.6540971718637,26.7224907875061,"Non I-35 Corridor",0.763157894736842
"48387","Red River","15.699999999999999","25.600000000000001",1.5564,NA,18.249,6.537,2.8016,12175,31,26,"     4.5","12,610","0",0,"2",15.9,"5",39.7,"6",47.6,"2",15.9,"2",15.9,NA,NA,NA,NA,NA,6,"TX",6,6,82.2,NA,6.54181410201087,20.7215860486031,"Non I-35 Corridor",0.789473684210526
"48389","Reeves","19","20.5",1.865,NA,12.7331,1.4148,2.8296,15695,61,28,"     3.5","15,707","1",6.4,"1",6.4,"1",6.4,"1",6.4,"1",6.4,"8",50.9,"Micropolitan Statistical Area","Central","37780","Pecos, TX","Micropolitan Statistical Area-Central",7,"TX",5,8,31.8,NA,3.69541632763765,24.4458824396133,"Non I-35 Corridor",0.921052631578947
"48391","Refugio","15.300000000000001","23.699999999999999",2.2065,NA,18.6231,3.1774,4.9426,7032,38,38,"     4.7","7,573","1",13.2,"0",0,"3",39.6,"0",0,"0",0,"3",39.6,NA,NA,NA,NA,NA,6,"TX",6,6,9.6,NA,8.27770360480641,23.7079069018364,"Non I-35 Corridor",0.789473684210526
"48393","Roberts","6.4000000000000004","9.0999999999999996",0,0,17.2932,NA,NA,903,1.11,0.18,"     3.7","983","0",0,"0",0,"0",0,"1",101.7,"0",0,"0",0,"Micropolitan Statistical Area","Outlying","37420","Pampa, TX","Micropolitan Statistical Area-Outlying",9,"TX",6,10,NA,NA,5.32043530834341,23.2821360230446,"Non I-35 Corridor",0.868421052631579
"48395","Robertson","14.199999999999999","23.199999999999999",1.9682,NA,20.6449,2.5126,3.0988,17284,28,8,"     3.5","16,888","1",5.9,"1",5.9,"5",29.6,"4",23.7,"4",23.7,"0",0,"Metropolitan Statistical Area","Outlying","17780","College Station-Bryan, TX","Metropolitan Statistical Area-Outlying",3,"TX",4,2,5.7,NA,5.73491675120845,18.638750910759,"Non I-35 Corridor",0.921052631578947
"48397","Rockwall","4.7999999999999998","6.4000000000000004",1.3517,0.1833,19.5304,3.0355,2.8179,100657,258,208,"     3.0","102,243","11",10.8,"28",27.4,"102",99.8,"12",11.7,"26",25.4,"94",91.9,"Metropolitan Statistical Area","Central","19100","Dallas-Fort Worth-Arlington, TX","Metropolitan Statistical Area-Central",1,"TX",2,1,42.2,NA,5.26066834231443,15.1921257376671,"Non I-35 Corridor",0.947368421052632
"48399","Runnels","14.300000000000001","21.399999999999999",1.8803,0,20.188,2.7709,2.8204,10234,27.98,16.66,"     2.8","11,009","1",9.1,"2",18.2,"2",18.2,"2",18.2,"4",36.3,"9",81.8,NA,NA,NA,NA,NA,6,"TX",6,6,35.6,NA,6.95959595959596,27.9468238353729,"Non I-35 Corridor",0.815789473684211
"48401","Rusk","14.199999999999999","18.100000000000001",1.3092,NA,17.418,2.8008,2.6516,54450,89,77,"     4.1","52,767","26",49.3,"0",0,"21",39.8,"8",15.2,"10",19,"22",41.7,"Metropolitan Statistical Area","Outlying","30980","Longview, TX","Metropolitan Statistical Area-Outlying",3,"TX",4,2,18.9,NA,6.16309801968821,21.0098430514336,"Non I-35 Corridor",0.921052631578947
"48403","Sabine","16","25.399999999999999",1.7893,NA,17.2167,4.0557,2.4254,10589,14,15,"     7.0","9,936","1",10.1,"0",0,"2",20.1,"1",10.1,"1",10.1,"3",30.2,NA,NA,NA,NA,NA,8,"TX",6,7,29,NA,11.9769557307459,26.2936353683472,"Non I-35 Corridor",0.789473684210526
"48405","San Augustine","19.600000000000001","29.699999999999999",2.0347,NA,21.9031,2.5135,3.471,8232,20,16,"     5.8","8,405","0",0,"0",0,"1",11.9,"1",11.9,"2",23.8,"2",23.8,NA,NA,NA,NA,NA,9,"TX",6,10,28.5,NA,9.27001768123263,26.2936353683472,"Non I-35 Corridor",0.789473684210526
"48407","San Jacinto","16.100000000000001","26.100000000000001",1.7296,0,17.5786,5.2201,2.5786,28719,61,51,"     5.1","28,844","1",3.5,"2",6.9,"2",6.9,"1",3.5,"2",6.9,"4",13.9,NA,NA,NA,NA,NA,8,"TX",6,4,3.4,NA,8.31691117436683,26.1826246976852,"Non I-35 Corridor",0.815789473684211
"48409","San Patricio","14.800000000000001","21.600000000000001",2.4099,NA,19.6645,5.9186,2.7376,66893,221,194,"     6.9","71,325","16",22.4,"5",7,"22",30.8,"7",9.8,"8",11.2,"22",30.8,"Metropolitan Statistical Area","Central","18580","Corpus Christi, TX","Metropolitan Statistical Area-Central",2,"TX",3,2,27.6,5.81775870845757,7.49618209584757,23.7079069018364,"Non I-35 Corridor",0.947368421052632
"48411","San Saba","17.399999999999999","26.100000000000001",1.581,NA,14.1304,1.6798,2.3715,6054,5,1,"     3.3","5,873","2",34.1,"0",0,"3",51.1,"1",17,"1",17,"1",17,NA,NA,NA,NA,NA,7,"TX",6,9,5.6,NA,6.33507853403141,12.8642752766609,"Non I-35 Corridor",0.789473684210526
"48413","Schleicher","13.199999999999999","19",NA,0,13.3489,2.8103,3.5129,2895,9,7,"     3.7","3,312","0",0,"0",0,"1",30.2,"0",0,"0",0,"1",30.2,NA,NA,NA,NA,NA,8,"TX",6,7,22.8,NA,4.03916768665851,24.1987973451614,"Non I-35 Corridor",0.789473684210526
"48415","Scurry","13.800000000000001","17.600000000000001",1.7259,NA,15.6345,2.8426,2.9949,16866,45.39,12.55,"     4.4","18,368","2",10.9,"1",5.4,"3",16.3,"2",10.9,"0",0,"13",70.8,"Micropolitan Statistical Area","Central","43660","Snyder, TX","Micropolitan Statistical Area-Central",7,"TX",5,8,15.5,NA,4.41767068273092,27.9468238353729,"Non I-35 Corridor",0.921052631578947
"48417","Shackelford","12.5","15.800000000000001",NA,0,22.3301,2.5243,2.3301,3253,16,11,"     2.5","3,405","1",29.4,"0",0,"2",58.7,"0",0,"0",0,"1",29.4,NA,NA,NA,NA,NA,8,"TX",6,7,2.9,NA,7.37520128824477,27.9468238353729,"Non I-35 Corridor",0.789473684210526
"48419","Shelby","18","24.399999999999999",1.7165,NA,16.9577,4.4096,2.4859,25418,55,28,"     3.7","25,545","0",0,"3",11.7,"18",70.5,"6",23.5,"7",27.4,"4",15.7,NA,NA,NA,NA,NA,7,"TX",6,9,18.9,NA,6.04445924569145,26.2936353683472,"Non I-35 Corridor",0.789473684210526
"48421","Sherman","11.300000000000001","16.899999999999999",NA,0,13.1034,NA,NA,3079,2,0,"     2.2","3,276","0",0,"0",0,"0",0,"1",30.5,"0",0,"0",0,NA,NA,NA,NA,NA,9,"TX",6,10,0.3,NA,3.95398993529835,23.2821360230446,"Non I-35 Corridor",0.736842105263158
"48423","Smith","12.699999999999999","18.199999999999999",1.7074,0.1929,18.8819,3.3899,2.5362,230221,804,421,"     3.5","235,143","72",30.6,"44",18.7,"212",90.2,"86",36.6,"72",30.6,"284",120.8,"Metropolitan Statistical Area","Central","46340","Tyler, TX","Metropolitan Statistical Area-Central",3,"TX",4,2,99.5,2.56982426685055,6.12389122790487,18.7904566526413,"Non I-35 Corridor",0.973684210526316
"48425","Somervell","8.3000000000000007","12.800000000000001",1.5803,NA,21.9491,2.4583,2.8973,9016,40,27,"     3.4","9,294","0",0,"0",0,"5",53.8,"4",43,"3",32.3,"9",96.8,NA,NA,NA,NA,NA,1,"TX",2,1,45.7,NA,6.75719717544813,22.1984326839447,"Non I-35 Corridor",0.789473684210526
"48427","Starr","25.199999999999999","35.299999999999997",1.4763,NA,21.2032,2.8972,3.2109,64525,205,0,"    13.4","64,731","5",7.7,"0",0,"19",29.4,"10",15.4,"8",12.4,"17",26.3,"Micropolitan Statistical Area","Central","40100","Rio Grande City-Roma, TX","Micropolitan Statistical Area-Central",4,"TX",5,5,25.6,NA,1.26668689320388,37.2842580080032,"Non I-35 Corridor",0.921052631578947
"48429","Stephens","15.6","23.5",2.4691,NA,22.085,2.9492,2.2634,9433,32,23,"     3.2","9,570","17",177.6,"0",0,"5",52.2,"2",20.9,"0",0,"7",73.1,NA,NA,NA,NA,NA,7,"TX",6,11,18.6,NA,6.26304801670146,27.9468238353729,"Non I-35 Corridor",0.789473684210526
"48431","Sterling","10.199999999999999","13.5",NA,0,14.4509,NA,NA,1311,2.56,1.31,"     3.6","1,252","0",0,"0",0,"0",0,"0",0,"1",79.9,"0",0,"Metropolitan Statistical Area","Outlying","41660","San Angelo, TX","Metropolitan Statistical Area-Outlying",8,"TX",6,7,1.1,NA,3.06122448979592,24.1987973451614,"Non I-35 Corridor",0.868421052631579
"48433","Stonewall","14.300000000000001","22.5",NA,0,21.2544,NA,NA,1362,2,2,"     3.3","1,523","0",0,"0",0,"0",0,"1",65.7,"0",0,"1",65.7,NA,NA,NA,NA,NA,9,"TX",6,12,2.4,NA,10.8433734939759,27.9468238353729,"Non I-35 Corridor",0.736842105263158
"48435","Sutton","11.699999999999999","17.300000000000001",1.8425,NA,10.2178,NA,NA,3758,7,2,"     5.7","4,381","1",22.8,"0",0,"0",0,"0",0,"0",0,"2",45.7,NA,NA,NA,NA,NA,7,"TX",6,11,15,NA,7.47330960854093,24.1987973451614,"Non I-35 Corridor",0.736842105263158
"48437","Swisher","19.600000000000001","27.199999999999999",2.0499,0,13.0125,1.426,1.9608,7462,13,13,"     3.3","7,414","0",0,"1",13.5,"1",13.5,"1",13.5,"0",0,"4",54,NA,NA,NA,NA,NA,6,"TX",6,6,6.5,NA,4.40395925979056,23.2821360230446,"Non I-35 Corridor",0.815789473684211
"48439","Tarrant","10.5","15.4",1.9166,0.2814,20.7678,4.0888,3.1752,2084931,3501,2519,"     3.5","2,143,755","375",17.5,"754",35.2,"1,826",85.2,"415",19.4,"1,365",63.7,"1,793",83.6,"Metropolitan Statistical Area","Central","19100","Dallas-Fort Worth-Arlington, TX","Metropolitan Statistical Area-Central",1,"TX",1,1,45.1,8.85987188720009,5.64653375279536,16.5802299976349,"Non I-35 Corridor",0.973684210526316
"48441","Taylor","12.199999999999999","16.899999999999999",2.1353,0.455,19.8483,3.4213,4.0279,137640,547,416,"     3.1","139,457","55",39.4,"35",25.1,"200",143.4,"68",48.8,"92",66,"122",87.5,"Metropolitan Statistical Area","Central","10180","Abilene, TX","Metropolitan Statistical Area-Central",3,"TX",4,2,72.7,11.8708452041785,8.69923467962684,17.41743683815,"Non I-35 Corridor",0.973684210526316
"48443","Terrell","14","13.199999999999999",NA,0,14.2857,NA,NA,823,2,1,"     3.1","1,054","0",0,"0",0,"0",0,"0",0,"0",0,"0",0,NA,NA,NA,NA,NA,9,"TX",6,12,72.3,NA,10.1315789473684,24.4458824396133,"Non I-35 Corridor",0.736842105263158
"48445","Terry","18.5","27.399999999999999",1.7771,NA,15.4281,1.8578,4.8465,12287,77,65,"     4.0","13,040","1",7.7,"0",0,"0",0,"1",7.7,"0",0,"4",30.7,NA,NA,NA,NA,NA,6,"TX",6,6,20.5,NA,3.31332938889358,27.2771567106247,"Non I-35 Corridor",0.789473684210526
"48447","Throckmorton","13.5","27.699999999999999",NA,0,11.7089,3.481,NA,1515,86.23,75.45,"     1.9","1,519","0",0,"0",0,"1",65.8,"0",0,"0",0,"1",65.8,NA,NA,NA,NA,NA,9,"TX",6,12,18.5,NA,7.43055555555556,27.9468238353729,"Non I-35 Corridor",0.763157894736842
"48449","Titus","14.300000000000001","21.399999999999999",1.4462,0.3385,17.1385,3.0154,5.8462,33033,119,87,"     3.7","32,953","1",3,"4",12.1,"25",75.9,"10",30.3,"14",42.5,"30",91,"Micropolitan Statistical Area","Central","34420","Mount Pleasant, TX","Micropolitan Statistical Area-Central",7,"TX",5,8,49.4,NA,5.39571798892694,20.7215860486031,"Non I-35 Corridor",0.947368421052632
"48451","Tom Green","12","16.600000000000001",2.0669,0.4011,17.9426,3.6375,3.4063,118189,454.49,321.11,"     3.3","123,276","41",33.3,"33",26.8,"125",101.4,"42",34.1,"40",32.4,"126",102.2,"Metropolitan Statistical Area","Central","41660","San Angelo, TX","Metropolitan Statistical Area-Central",3,"TX",4,2,46.6,18.332875011458,8.14729631759206,13.0231380462646,"Non I-35 Corridor",0.973684210526316
"48453","Travis","10.199999999999999","10.9",2.4612,0.2881,18.503,3.0947,3.3085,1248743,2441,1784,"     2.7","1,291,502","386",29.9,"1,451",112.3,"1,698",131.5,"176",13.6,"1,239",95.9,"1,321",102.3,"Metropolitan Statistical Area","Central","12420","Austin-Round Rock-Georgetown, TX","Metropolitan Statistical Area-Central",1,"TX",1,1,39.1,23.7949818166035,4.28836727670696,13.7411847710609,"I-35 Corridor",0.973684210526316
"48455","Trinity","16.800000000000001","26.5",1.5468,NA,15.2359,3.4803,2.3202,14740,7,4,"     5.4","14,233","2",14.1,"0",0,"3",21.1,"0",0,"0",0,"3",21.1,NA,NA,NA,NA,NA,7,"TX",5,8,20.5,NA,10.8660491104249,26.1826246976852,"Non I-35 Corridor",0.789473684210526
"48457","Tyler","18.899999999999999","27.899999999999999",1.7354,NA,17.1367,6.1667,2.82,21696,34,29,"     6.0","21,343","1",4.7,"0",0,"6",28.1,"4",18.7,"4",18.7,"3",14.1,NA,NA,NA,NA,NA,6,"TX",6,6,9.8,NA,7.63208404889383,26.2936353683472,"Non I-35 Corridor",0.789473684210526
"48459","Upshur","12.6","17.800000000000001",1.572,NA,18.8636,3.2008,2.2159,41260,200,148,"     4.4","41,655","8",19.2,"4",9.6,"16",38.4,"8",19.2,"2",4.8,"7",16.8,"Metropolitan Statistical Area","Outlying","30980","Longview, TX","Metropolitan Statistical Area-Outlying",3,"TX",4,2,7.7,NA,6.73725912158857,18.6485171318054,"Non I-35 Corridor",0.921052631578947
"48461","Upton","12.1","17",NA,0,16.0326,NA,NA,3671,47,29,"     3.7","3,983","0",0,"0",0,"0",0,"0",0,"0",0,"2",50.2,NA,NA,NA,NA,NA,8,"TX",6,7,3.7,NA,5.53204353083434,24.1987973451614,"Non I-35 Corridor",0.736842105263158
"48463","Uvalde","19","30.699999999999999",1.7507,0,14.4884,1.811,1.9318,26846,129,84,"     3.9","27,937","5",17.9,"1",3.6,"15",53.7,"3",10.7,"6",21.5,"15",53.7,"Micropolitan Statistical Area","Central","46620","Uvalde, TX","Micropolitan Statistical Area-Central",6,"TX",5,3,23.6,NA,5.40628562123433,26.7224907875061,"Non I-35 Corridor",0.947368421052632
"48465","Val Verde","15.6","24.300000000000001",1.5934,NA,14.8589,1.3822,1.5166,49208,1160,1182,"     4.4","48,253","2",4.1,"8",16.6,"8",16.6,"2",4.1,"5",10.4,"23",47.7,"Micropolitan Statistical Area","Central","19620","Del Rio, TX","Micropolitan Statistical Area-Central",5,"TX",5,8,21.1,14.7102088849662,7.23111839616694,26.7224907875061,"Non I-35 Corridor",0.947368421052632
"48467","Van Zandt","12.9","17.699999999999999",1.4054,NA,20.6508,3.2287,2.2917,56019,158,152,"     3.1","55,469","18",32.5,"5",9,"22",39.7,"9",16.2,"8",14.4,"11",19.8,NA,NA,NA,NA,NA,6,"TX",6,4,18.2,NA,6.40567004249173,22.6406246423721,"Non I-35 Corridor",0.789473684210526
"48469","Victoria","16.5","24.399999999999999",2.9577,0.1217,18.757,2.6582,3.3602,92035,392,350,"     4.3","97,744","17",17.4,"14",14.3,"82",83.9,"14",14.3,"32",32.7,"87",89,"Metropolitan Statistical Area","Central","47020","Victoria, TX","Metropolitan Statistical Area-Central",3,"TX",4,2,67.5,12.0456860018178,6.09511711691981,22.8458166122437,"Non I-35 Corridor",0.973684210526316
"48471","Walker","18","20.800000000000001",1.2736,NA,15.6117,3.763,2.8946,72480,63,92,"     4.5","73,997","22",29.7,"8",10.8,"79",106.8,"12",16.2,"10",13.5,"38",51.4,"Micropolitan Statistical Area","Central","26660","Huntsville, TX","Micropolitan Statistical Area-Central",4,"TX",5,3,25.6,7.85340314136126,4.81151832460733,26.1826246976852,"Non I-35 Corridor",0.947368421052632
"48473","Waller","12.6","17.399999999999999",1.643,NA,15.6224,2.005,2.6177,53126,85,69,"     4.2","50,731","6",11.8,"7",13.8,"19",37.5,"4",7.9,"6",11.8,"5",9.9,"Metropolitan Statistical Area","Outlying","26420","Houston-The Woodlands-Sugar Land, TX","Metropolitan Statistical Area-Outlying",1,"TX",2,1,4.4,NA,3.70461668486108,19.623938202858,"Non I-35 Corridor",0.921052631578947
"48475","Ward","9.8000000000000007","14.4",1.8972,0,15.8103,1.7391,2.4506,11720,43,26,"     4.5","13,592","1",7.4,"0",0,"1",7.4,"1",7.4,"0",0,"1",7.4,NA,NA,NA,NA,NA,6,"TX",6,6,32.5,NA,5.45345242184816,24.4458824396133,"Non I-35 Corridor",0.815789473684211
"48477","Washington","11.699999999999999","17.600000000000001",1.3156,0.6322,14.4712,1.7427,2.3407,35108,84,88,"     3.6","35,155","4",11.4,"4",11.4,"16",45.5,"6",17.1,"11",31.3,"28",79.6,"Micropolitan Statistical Area","Central","14780","Brenham, TX","Micropolitan Statistical Area-Central",6,"TX",5,3,29.2,11.1716240748499,6.04105571847507,18.638750910759,"Non I-35 Corridor",0.973684210526316
"48479","Webb","19.899999999999999","30.300000000000001",2.0956,0.3276,14.5442,1.4976,2.3244,275910,544,461,"     4.3","276,183","94",34,"8",2.9,"125",45.3,"35",12.7,"40",14.5,"116",42,"Metropolitan Statistical Area","Central","29700","Laredo, TX","Metropolitan Statistical Area-Central",2,"TX",3,2,16.2,5.61557986477684,2.05754846245423,28.8039803504944,"Non I-35 Corridor",0.973684210526316
"48481","Wharton","13.800000000000001","20.600000000000001",1.5457,0.2728,14.8754,1.4184,3.2551,41619,130,121,"     3.8","41,941","1",2.4,"7",16.7,"25",59.6,"6",14.3,"4",9.5,"23",54.8,"Micropolitan Statistical Area","Central","20900","El Campo, TX","Micropolitan Statistical Area-Central",4,"TX",5,3,31.5,NA,5.32595621842675,19.623938202858,"Non I-35 Corridor",0.947368421052632
"48483","Wheeler","13.5","20.300000000000001",1.3793,0,14.5977,2.4138,2.1839,5191,3,2,"     4.3","5,783","0",0,"0",0,"2",34.6,"1",17.3,"0",0,"3",51.9,NA,NA,NA,NA,NA,9,"TX",6,10,4.3,NA,5.77154308617235,23.2821360230446,"Non I-35 Corridor",0.815789473684211
"48485","Wichita","16","20.899999999999999",2.1193,0.1793,24.4593,6.8743,3.7387,132064,485,400,"     3.6","133,138","27",20.3,"42",31.5,"149",111.9,"117",87.9,"45",33.8,"125",93.9,"Metropolitan Statistical Area","Central","48660","Wichita Falls, TX","Metropolitan Statistical Area-Central",3,"TX",4,2,78.2,19.3274062620796,8.54503285659065,19.3027421832085,"Non I-35 Corridor",0.973684210526316
"48487","Wilbarger","14.6","21.100000000000001",5.1969,NA,20.0219,10.3939,3.1729,12820,30,NA,"     4.8","13,038","4",30.7,"12",92,"14",107.4,"17",130.4,"6",46,"5",38.3,"Micropolitan Statistical Area","Central","46900","Vernon, TX","Micropolitan Statistical Area-Central",6,"TX",5,5,49.6,NA,4.70241328470552,21.9790354371071,"Non I-35 Corridor",0.894736842105263
"48489","Willacy","24.699999999999999","34",2.657,0,23.1884,3.9855,3.6232,21515,62,52,"     8.4","22,134","1",4.5,"3",13.6,"11",49.7,"5",22.6,"9",40.7,"7",31.6,"Micropolitan Statistical Area","Central","39700","Raymondville, TX","Micropolitan Statistical Area-Central",6,"TX",5,5,16.2,NA,3.347550089268,22.7710723876953,"Non I-35 Corridor",0.947368421052632
"48491","Williamson","5.5999999999999996","6.2999999999999998",2.0875,0.1303,18.9043,2.7049,1.8703,566719,626,466,"     2.7","589,914","107",18.1,"237",40.2,"504",85.4,"56",9.5,"211",35.8,"509",86.3,"Metropolitan Statistical Area","Central","12420","Austin-Round Rock-Georgetown, TX","Metropolitan Statistical Area-Central",1,"TX",2,1,29.2,7.06055824385855,5.74893640079013,10.2283902466297,"I-35 Corridor",0.973684210526316
"48493","Wilson","9.4000000000000004","11.5",1.5632,NA,17.1738,3.293,2.3135,50224,117,0,"     3.0","51,802","5",9.7,"8",15.4,"27",52.1,"6",11.6,"15",29,"16",30.9,"Metropolitan Statistical Area","Outlying","41700","San Antonio-New Braunfels, TX","Metropolitan Statistical Area-Outlying",1,"TX",2,1,12.1,NA,8.88589632785963,19.5224091410637,"Non I-35 Corridor",0.921052631578947
"48495","Winkler","11.800000000000001","16.899999999999999",1.8088,0,14.7287,1.5504,NA,7720,88.23,68.62,"     5.4","9,295","1",10.8,"0",0,"0",0,"0",0,"1",10.8,"1",10.8,NA,NA,NA,NA,NA,6,"TX",6,6,8.2,NA,3.36285457579258,24.4458824396133,"Non I-35 Corridor",0.789473684210526
"48497","Wise","10","12.4",1.4419,NA,19.6777,3.5765,2.7566,68305,186,169,"     3.3","65,807","7",10.6,"10",15.2,"34",51.7,"8",12.2,"18",27.4,"41",62.3,"Metropolitan Statistical Area","Outlying","19100","Dallas-Fort Worth-Arlington, TX","Metropolitan Statistical Area-Outlying",1,"TX",2,1,45,5.82818510315888,6.69658468352955,21.9790354371071,"Non I-35 Corridor",0.947368421052632
"48499","Wood","13.5","21.399999999999999",1.7599,NA,18.8675,3.1045,1.8037,45129,151,105,"     4.3","45,292","18",39.7,"3",6.6,"25",55.2,"11",24.3,"5",11,"21",46.4,NA,NA,NA,NA,NA,6,"TX",6,6,29.2,NA,9.57563053319359,22.6406246423721,"Non I-35 Corridor",0.789473684210526
"48501","Yoakum","10.800000000000001","14.9",1.3699,0,13.2005,NA,2.2416,8591,15,9,"     4.8","9,225","0",0,"0",0,"1",10.8,"0",0,"0",0,"4",43.4,NA,NA,NA,NA,NA,7,"TX",6,9,15.8,NA,3.26228229789446,27.2771567106247,"Non I-35 Corridor",0.789473684210526
"48503","Young","14.800000000000001","22.100000000000001",1.8628,NA,21.0838,3.2458,3.1329,18045,80,68,"     3.2","18,712","3",16,"3",16,"10",53.4,"9",48.1,"4",21.4,"16",85.5,NA,NA,NA,NA,NA,7,"TX",6,11,37.7,NA,6.77226171153523,21.9790354371071,"Non I-35 Corridor",0.789473684210526
"48505","Zapata","24.600000000000001","39.5",2.459,0,15.4247,2.0864,2.608,14190,156,83,"     8.5","14,409","3",20.8,"0",0,"1",6.9,"0",0,"0",0,"0",0,"Micropolitan Statistical Area","Central","49820","Zapata, TX","Micropolitan Statistical Area-Central",6,"TX",5,5,3.8,NA,2.94477644178847,37.2842580080032,"Non I-35 Corridor",0.947368421052632
"48507","Zavala","27.199999999999999","39",2.7128,0,14.3124,2.5257,2.7128,11983,64,20,"     9.2","12,682","2",15.8,"0",0,"2",15.8,"3",23.7,"0",0,"2",15.8,NA,NA,NA,NA,NA,7,"TX",6,9,2.6,NA,3.64012409513961,26.7224907875061,"Non I-35 Corridor",0.815789473684211
