Fiscal Year,County,Region,Children in DFPS Responsibility
2021,Anderson,4-Tyler,185
2021,Andrews,9-Midland,44
2021,Angelina,5-Beaumont,203
2021,Aransas,11-Edinburg,98
2021,Archer,2-Abilene,12
2021,Atascosa,8-San Antonio,230
2021,Austin,6-Houston,27
2021,Bailey,1-Lubbock,36
2021,Bandera,8-San Antonio,53
2021,Bastrop,7-Austin,219
2021,Baylor,2-Abilene,24
2021,Bee,11-Edinburg,120
2021,Bell,7-Austin,1802
2021,Bexar,8-San Antonio,4858
2021,Blanco,7-Austin,20
2021,Bosque,7-Austin,78
2021,Bowie,4-Tyler,148
2021,Brazoria,6-Houston,301
2021,Brazos,7-Austin,308
2021,Brewster,10-El Paso,5
2021,Briscoe,1-Lubbock,4
2021,Brooks,11-Edinburg,40
2021,Brown,2-Abilene,288
2021,Burleson,7-Austin,76
2021,Burnet,7-Austin,190
2021,Caldwell,7-Austin,140
2021,Calhoun,8-San Antonio,45
2021,Callahan,2-Abilene,47
2021,Cameron,11-Edinburg,600
2021,Camp,4-Tyler,41
2021,Carson,1-Lubbock,14
2021,Cass,4-Tyler,74
2021,Castro,1-Lubbock,16
2021,Chambers,6-Houston,33
2021,Cherokee,4-Tyler,212
2021,Childress,1-Lubbock,26
2021,Clay,2-Abilene,25
2021,Cochran,1-Lubbock,9
2021,Coke,9-Midland,6
2021,Coleman,2-Abilene,41
2021,Collin,3-Arlington,458
2021,Collingsworth,1-Lubbock,14
2021,Colorado,6-Houston,19
2021,Comal,8-San Antonio,306
2021,Comanche,2-Abilene,36
2021,Concho,9-Midland,8
2021,Cooke,3-Arlington,120
2021,Coryell,7-Austin,346
2021,Cottle,2-Abilene,7
2021,Crane,9-Midland,8
2021,Crockett,9-Midland,13
2021,Crosby,1-Lubbock,24
2021,Culberson,10-El Paso,5
2021,Dallam,1-Lubbock,50
2021,Dallas,3-Arlington,3329
2021,Dawson,9-Midland,35
2021,DeWitt,8-San Antonio,42
2021,Deaf Smith,1-Lubbock,40
2021,Delta,4-Tyler,7
2021,Denton,3-Arlington,934
2021,Dickens,1-Lubbock,6
2021,Dimmit,8-San Antonio,45
2021,Donley,1-Lubbock,13
2021,Duval,11-Edinburg,59
2021,Eastland,2-Abilene,74
2021,Ector,9-Midland,435
2021,El Paso,10-El Paso,598
2021,Ellis,3-Arlington,79
2021,Erath,3-Arlington,58
2021,Falls,7-Austin,78
2021,Fannin,3-Arlington,105
2021,Fayette,7-Austin,68
2021,Fisher,2-Abilene,15
2021,Floyd,1-Lubbock,7
2021,Foard,2-Abilene,7
2021,Fort Bend,6-Houston,179
2021,Franklin,4-Tyler,28
2021,Freestone,7-Austin,51
2021,Frio,8-San Antonio,99
2021,Gaines,9-Midland,27
2021,Galveston,6-Houston,517
2021,Garza,1-Lubbock,17
2021,Gillespie,8-San Antonio,27
2021,Goliad,8-San Antonio,15
2021,Gonzales,8-San Antonio,26
2021,Gray,1-Lubbock,129
2021,Grayson,3-Arlington,282
2021,Gregg,4-Tyler,484
2021,Grimes,7-Austin,52
2021,Guadalupe,8-San Antonio,112
2021,Hale,1-Lubbock,91
2021,Hall,1-Lubbock,20
2021,Hamilton,7-Austin,21
2021,Hansford,1-Lubbock,4
2021,Hardeman,2-Abilene,6
2021,Hardin,5-Beaumont,172
2021,Harris,6-Houston,3640
2021,Harrison,4-Tyler,157
2021,Hartley,1-Lubbock,9
2021,Haskell,2-Abilene,38
2021,Hays,7-Austin,482
2021,Hemphill,1-Lubbock,1
2021,Henderson,4-Tyler,362
2021,Hidalgo,11-Edinburg,654
2021,Hill,7-Austin,142
2021,Hockley,1-Lubbock,83
2021,Hood,3-Arlington,112
2021,Hopkins,4-Tyler,102
2021,Houston,5-Beaumont,49
2021,Howard,9-Midland,106
2021,Hudspeth,10-El Paso,1
2021,Hunt,3-Arlington,283
2021,Hutchinson,1-Lubbock,97
2021,Irion,9-Midland,8
2021,Jack,2-Abilene,17
2021,Jackson,8-San Antonio,37
2021,Jasper,5-Beaumont,99
2021,Jeff Davis,10-El Paso,2
2021,Jefferson,5-Beaumont,538
2021,Jim Hogg,11-Edinburg,15
2021,Jim Wells,11-Edinburg,124
2021,Johnson,3-Arlington,257
2021,Jones,2-Abilene,81
2021,Karnes,8-San Antonio,44
2021,Kaufman,3-Arlington,186
2021,Kendall,8-San Antonio,27
2021,Kerr,8-San Antonio,95
2021,Kimble,9-Midland,9
2021,Kinney,8-San Antonio,11
2021,Kleberg,11-Edinburg,74
2021,Knox,2-Abilene,8
2021,La Salle,8-San Antonio,20
2021,Lamar,4-Tyler,199
2021,Lamb,1-Lubbock,31
2021,Lampasas,7-Austin,121
2021,Lavaca,8-San Antonio,25
2021,Lee,7-Austin,52
2021,Leon,7-Austin,32
2021,Liberty,6-Houston,180
2021,Limestone,7-Austin,73
2021,Lipscomb,1-Lubbock,7
2021,Live Oak,11-Edinburg,12
2021,Llano,7-Austin,140
2021,Lubbock,1-Lubbock,1030
2021,Lynn,1-Lubbock,16
2021,Madison,7-Austin,28
2021,Marion,4-Tyler,40
2021,Martin,9-Midland,12
2021,Mason,9-Midland,11
2021,Matagorda,6-Houston,87
2021,Maverick,8-San Antonio,58
2021,McCulloch,9-Midland,44
2021,McLennan,7-Austin,1232
2021,Medina,8-San Antonio,122
2021,Menard,9-Midland,10
2021,Midland,9-Midland,178
2021,Milam,7-Austin,114
2021,Mills,7-Austin,16
2021,Mitchell,2-Abilene,36
2021,Montague,2-Abilene,69
2021,Montgomery,6-Houston,586
2021,Moore,1-Lubbock,67
2021,Morris,4-Tyler,47
2021,Nacogdoches,5-Beaumont,234
2021,Navarro,3-Arlington,79
2021,Newton,5-Beaumont,21
2021,Nolan,2-Abilene,104
2021,Nueces,11-Edinburg,840
2021,Ochiltree,1-Lubbock,25
2021,Orange,5-Beaumont,262
2021,Palo Pinto,3-Arlington,156
2021,Panola,4-Tyler,75
2021,Parker,3-Arlington,253
2021,Parmer,1-Lubbock,8
2021,Pecos,9-Midland,68
2021,Polk,5-Beaumont,110
2021,Potter,1-Lubbock,551
2021,Presidio,10-El Paso,1
2021,Rains,4-Tyler,37
2021,Randall,1-Lubbock,256
2021,Reagan,9-Midland,1
2021,Real,8-San Antonio,8
2021,Red River,4-Tyler,31
2021,Reeves,9-Midland,36
2021,Refugio,11-Edinburg,28
2021,Robertson,7-Austin,96
2021,Rockwall,3-Arlington,111
2021,Runnels,2-Abilene,28
2021,Rusk,4-Tyler,139
2021,Sabine,5-Beaumont,33
2021,San Augustine,5-Beaumont,23
2021,San Jacinto,5-Beaumont,47
2021,San Patricio,11-Edinburg,136
2021,San Saba,7-Austin,27
2021,Schleicher,9-Midland,7
2021,Scurry,2-Abilene,69
2021,Shackelford,2-Abilene,9
2021,Shelby,5-Beaumont,57
2021,Sherman,1-Lubbock,6
2021,Smith,4-Tyler,564
2021,Somervell,3-Arlington,18
2021,Starr,11-Edinburg,86
2021,Stephens,2-Abilene,31
2021,Sterling,9-Midland,1
2021,Stonewall,2-Abilene,3
2021,Sutton,9-Midland,16
2021,Swisher,1-Lubbock,31
2021,Tarrant,3-Arlington,2044
2021,Taylor,2-Abilene,757
2021,Terry,1-Lubbock,36
2021,Throckmorton,2-Abilene,5
2021,Titus,4-Tyler,57
2021,Tom Green,9-Midland,533
2021,Travis,7-Austin,1613
2021,Trinity,5-Beaumont,40
2021,Tyler,5-Beaumont,49
2021,Upshur,4-Tyler,152
2021,Upton,9-Midland,9
2021,Uvalde,8-San Antonio,58
2021,Val Verde,8-San Antonio,59
2021,Van Zandt,4-Tyler,211
2021,Victoria,8-San Antonio,195
2021,Walker,6-Houston,52
2021,Waller,6-Houston,39
2021,Ward,9-Midland,68
2021,Washington,7-Austin,66
2021,Webb,11-Edinburg,457
2021,Wharton,6-Houston,50
2021,Wheeler,1-Lubbock,8
2021,Wichita,2-Abilene,463
2021,Wilbarger,2-Abilene,56
2021,Willacy,11-Edinburg,50
2021,Williamson,7-Austin,347
2021,Wilson,8-San Antonio,80
2021,Winkler,9-Midland,28
2021,Wise,3-Arlington,157
2021,Wood,4-Tyler,102
2021,Yoakum,1-Lubbock,10
2021,Young,2-Abilene,63
2021,Zapata,11-Edinburg,39
2021,Zavala,8-San Antonio,45
2020,Anderson,4-Tyler,230
2020,Andrews,9-Midland,48
2020,Angelina,5-Beaumont,235
2020,Aransas,11-Edinburg,114
2020,Archer,2-Abilene,17
2020,Atascosa,8-San Antonio,217
2020,Austin,6-Houston,18
2020,Bailey,1-Lubbock,45
2020,Bandera,8-San Antonio,46
2020,Bastrop,7-Austin,243
2020,Baylor,2-Abilene,20
2020,Bee,11-Edinburg,97
2020,Bell,7-Austin,1679
2020,Bexar,8-San Antonio,4990
2020,Blanco,7-Austin,29
2020,Borden,9-Midland,3
2020,Bosque,7-Austin,80
2020,Bowie,4-Tyler,171
2020,Brazoria,6-Houston,329
2020,Brazos,7-Austin,209
2020,Brewster,10-El Paso,9
2020,Briscoe,1-Lubbock,4
2020,Brooks,11-Edinburg,26
2020,Brown,2-Abilene,278
2020,Burleson,7-Austin,90
2020,Burnet,7-Austin,239
2020,Caldwell,7-Austin,146
2020,Calhoun,8-San Antonio,53
2020,Callahan,2-Abilene,36
2020,Cameron,11-Edinburg,630
2020,Camp,4-Tyler,47
2020,Carson,1-Lubbock,19
2020,Cass,4-Tyler,57
2020,Castro,1-Lubbock,14
2020,Chambers,6-Houston,29
2020,Cherokee,4-Tyler,210
2020,Childress,1-Lubbock,25
2020,Clay,2-Abilene,18
2020,Cochran,1-Lubbock,8
2020,Coke,9-Midland,14
2020,Coleman,2-Abilene,41
2020,Collin,3-Arlington,504
2020,Collingsworth,1-Lubbock,19
2020,Colorado,6-Houston,12
2020,Comal,8-San Antonio,288
2020,Comanche,2-Abilene,40
2020,Concho,9-Midland,12
2020,Cooke,3-Arlington,156
2020,Coryell,7-Austin,355
2020,Cottle,2-Abilene,4
2020,Crane,9-Midland,7
2020,Crockett,9-Midland,25
2020,Crosby,1-Lubbock,32
2020,Culberson,10-El Paso,3
2020,Dallam,1-Lubbock,47
2020,Dallas,3-Arlington,3768
2020,Dawson,9-Midland,44
2020,DeWitt,8-San Antonio,29
2020,Deaf Smith,1-Lubbock,41
2020,Delta,4-Tyler,13
2020,Denton,3-Arlington,1010
2020,Dickens,1-Lubbock,1
2020,Dimmit,8-San Antonio,43
2020,Donley,1-Lubbock,15
2020,Duval,11-Edinburg,51
2020,Eastland,2-Abilene,47
2020,Ector,9-Midland,409
2020,El Paso,10-El Paso,584
2020,Ellis,3-Arlington,107
2020,Erath,3-Arlington,47
2020,Falls,7-Austin,93
2020,Fannin,3-Arlington,125
2020,Fayette,7-Austin,54
2020,Fisher,2-Abilene,6
2020,Floyd,1-Lubbock,12
2020,Foard,2-Abilene,5
2020,Fort Bend,6-Houston,232
2020,Franklin,4-Tyler,31
2020,Freestone,7-Austin,62
2020,Frio,8-San Antonio,103
2020,Gaines,9-Midland,51
2020,Galveston,6-Houston,456
2020,Garza,1-Lubbock,17
2020,Gillespie,8-San Antonio,18
2020,Goliad,8-San Antonio,14
2020,Gonzales,8-San Antonio,29
2020,Gray,1-Lubbock,88
2020,Grayson,3-Arlington,279
2020,Gregg,4-Tyler,484
2020,Grimes,7-Austin,47
2020,Guadalupe,8-San Antonio,178
2020,Hale,1-Lubbock,94
2020,Hall,1-Lubbock,16
2020,Hamilton,7-Austin,24
2020,Hansford,1-Lubbock,4
2020,Hardeman,2-Abilene,1
2020,Hardin,5-Beaumont,187
2020,Harris,6-Houston,4072
2020,Harrison,4-Tyler,161
2020,Hartley,1-Lubbock,7
2020,Haskell,2-Abilene,18
2020,Hays,7-Austin,500
2020,Hemphill,1-Lubbock,2
2020,Henderson,4-Tyler,432
2020,Hidalgo,11-Edinburg,874
2020,Hill,7-Austin,114
2020,Hockley,1-Lubbock,104
2020,Hood,3-Arlington,103
2020,Hopkins,4-Tyler,103
2020,Houston,5-Beaumont,69
2020,Howard,9-Midland,133
2020,Hudspeth,10-El Paso,1
2020,Hunt,3-Arlington,327
2020,Hutchinson,1-Lubbock,73
2020,Irion,9-Midland,9
2020,Jack,2-Abilene,26
2020,Jackson,8-San Antonio,35
2020,Jasper,5-Beaumont,104
2020,Jeff Davis,10-El Paso,2
2020,Jefferson,5-Beaumont,483
2020,Jim Hogg,11-Edinburg,20
2020,Jim Wells,11-Edinburg,109
2020,Johnson,3-Arlington,279
2020,Jones,2-Abilene,86
2020,Karnes,8-San Antonio,51
2020,Kaufman,3-Arlington,176
2020,Kendall,8-San Antonio,31
2020,Kerr,8-San Antonio,88
2020,Kimble,9-Midland,13
2020,Kinney,8-San Antonio,12
2020,Kleberg,11-Edinburg,58
2020,Knox,2-Abilene,3
2020,La Salle,8-San Antonio,10
2020,Lamar,4-Tyler,193
2020,Lamb,1-Lubbock,38
2020,Lampasas,7-Austin,121
2020,Lavaca,8-San Antonio,20
2020,Lee,7-Austin,55
2020,Leon,7-Austin,22
2020,Liberty,6-Houston,160
2020,Limestone,7-Austin,68
2020,Lipscomb,1-Lubbock,7
2020,Live Oak,11-Edinburg,15
2020,Llano,7-Austin,107
2020,Lubbock,1-Lubbock,1143
2020,Lynn,1-Lubbock,10
2020,Madison,7-Austin,18
2020,Marion,4-Tyler,37
2020,Martin,9-Midland,12
2020,Mason,9-Midland,12
2020,Matagorda,6-Houston,117
2020,Maverick,8-San Antonio,36
2020,McCulloch,9-Midland,36
2020,McLennan,7-Austin,1241
2020,McMullen,11-Edinburg,2
2020,Medina,8-San Antonio,147
2020,Menard,9-Midland,11
2020,Midland,9-Midland,219
2020,Milam,7-Austin,90
2020,Mills,7-Austin,26
2020,Mitchell,2-Abilene,47
2020,Montague,2-Abilene,63
2020,Montgomery,6-Houston,633
2020,Moore,1-Lubbock,49
2020,Morris,4-Tyler,49
2020,Motley,1-Lubbock,4
2020,Nacogdoches,5-Beaumont,280
2020,Navarro,3-Arlington,73
2020,Newton,5-Beaumont,20
2020,Nolan,2-Abilene,84
2020,Nueces,11-Edinburg,776
2020,Ochiltree,1-Lubbock,31
2020,Oldham,1-Lubbock,6
2020,Orange,5-Beaumont,283
2020,Palo Pinto,3-Arlington,143
2020,Panola,4-Tyler,70
2020,Parker,3-Arlington,247
2020,Parmer,1-Lubbock,15
2020,Pecos,9-Midland,67
2020,Polk,5-Beaumont,103
2020,Potter,1-Lubbock,587
2020,Presidio,10-El Paso,1
2020,Rains,4-Tyler,34
2020,Randall,1-Lubbock,284
2020,Reagan,9-Midland,9
2020,Real,8-San Antonio,7
2020,Red River,4-Tyler,38
2020,Reeves,9-Midland,33
2020,Refugio,11-Edinburg,26
2020,Robertson,7-Austin,85
2020,Rockwall,3-Arlington,123
2020,Runnels,2-Abilene,28
2020,Rusk,4-Tyler,154
2020,Sabine,5-Beaumont,18
2020,San Augustine,5-Beaumont,19
2020,San Jacinto,5-Beaumont,52
2020,San Patricio,11-Edinburg,159
2020,San Saba,7-Austin,27
2020,Schleicher,9-Midland,8
2020,Scurry,2-Abilene,63
2020,Shackelford,2-Abilene,4
2020,Shelby,5-Beaumont,71
2020,Sherman,1-Lubbock,6
2020,Smith,4-Tyler,501
2020,Somervell,3-Arlington,16
2020,Starr,11-Edinburg,89
2020,Stephens,2-Abilene,31
2020,Sterling,9-Midland,1
2020,Stonewall,2-Abilene,1
2020,Sutton,9-Midland,16
2020,Swisher,1-Lubbock,36
2020,Tarrant,3-Arlington,2048
2020,Taylor,2-Abilene,858
2020,Terry,1-Lubbock,45
2020,Throckmorton,2-Abilene,7
2020,Titus,4-Tyler,92
2020,Tom Green,9-Midland,547
2020,Travis,7-Austin,1813
2020,Trinity,5-Beaumont,40
2020,Tyler,5-Beaumont,87
2020,Upshur,4-Tyler,183
2020,Upton,9-Midland,11
2020,Uvalde,8-San Antonio,76
2020,Val Verde,8-San Antonio,55
2020,Van Zandt,4-Tyler,207
2020,Victoria,8-San Antonio,214
2020,Walker,6-Houston,67
2020,Waller,6-Houston,70
2020,Ward,9-Midland,77
2020,Washington,7-Austin,58
2020,Webb,11-Edinburg,443
2020,Wharton,6-Houston,62
2020,Wheeler,1-Lubbock,4
2020,Wichita,2-Abilene,411
2020,Wilbarger,2-Abilene,42
2020,Willacy,11-Edinburg,70
2020,Williamson,7-Austin,389
2020,Wilson,8-San Antonio,82
2020,Winkler,9-Midland,36
2020,Wise,3-Arlington,133
2020,Wood,4-Tyler,100
2020,Yoakum,1-Lubbock,14
2020,Young,2-Abilene,65
2020,Zapata,11-Edinburg,24
2020,Zavala,8-San Antonio,26
2019,Anderson,4-Tyler,250
2019,Andrews,9-Midland,74
2019,Angelina,5-Beaumont,257
2019,Aransas,11-Edinburg,148
2019,Archer,2-Abilene,12
2019,Armstrong,1-Lubbock,1
2019,Atascosa,8-San Antonio,197
2019,Austin,6-Houston,11
2019,Bailey,1-Lubbock,34
2019,Bandera,8-San Antonio,49
2019,Bastrop,7-Austin,232
2019,Baylor,2-Abilene,12
2019,Bee,11-Edinburg,162
2019,Bell,7-Austin,1647
2019,Bexar,8-San Antonio,5341
2019,Blanco,7-Austin,34
2019,Borden,9-Midland,4
2019,Bosque,7-Austin,80
2019,Bowie,4-Tyler,182
2019,Brazoria,6-Houston,356
2019,Brazos,7-Austin,203
2019,Brewster,10-El Paso,5
2019,Briscoe,1-Lubbock,3
2019,Brooks,11-Edinburg,24
2019,Brown,2-Abilene,264
2019,Burleson,7-Austin,79
2019,Burnet,7-Austin,231
2019,Caldwell,7-Austin,135
2019,Calhoun,8-San Antonio,52
2019,Callahan,2-Abilene,27
2019,Cameron,11-Edinburg,692
2019,Camp,4-Tyler,50
2019,Carson,1-Lubbock,26
2019,Cass,4-Tyler,56
2019,Castro,1-Lubbock,17
2019,Chambers,6-Houston,58
2019,Cherokee,4-Tyler,220
2019,Childress,1-Lubbock,29
2019,Clay,2-Abilene,24
2019,Cochran,1-Lubbock,9
2019,Coke,9-Midland,20
2019,Coleman,2-Abilene,52
2019,Collin,3-Arlington,603
2019,Collingsworth,1-Lubbock,10
2019,Colorado,6-Houston,17
2019,Comal,8-San Antonio,330
2019,Comanche,2-Abilene,42
2019,Concho,9-Midland,6
2019,Cooke,3-Arlington,196
2019,Coryell,7-Austin,377
2019,Cottle,2-Abilene,2
2019,Crane,9-Midland,8
2019,Crockett,9-Midland,28
2019,Crosby,1-Lubbock,28
2019,Culberson,10-El Paso,1
2019,Dallam,1-Lubbock,34
2019,Dallas,3-Arlington,4568
2019,Dawson,9-Midland,54
2019,DeWitt,8-San Antonio,36
2019,Deaf Smith,1-Lubbock,57
2019,Delta,4-Tyler,18
2019,Denton,3-Arlington,1064
2019,Dickens,1-Lubbock,4
2019,Dimmit,8-San Antonio,38
2019,Donley,1-Lubbock,16
2019,Duval,11-Edinburg,48
2019,Eastland,2-Abilene,46
2019,Ector,9-Midland,387
2019,Edwards,8-San Antonio,1
2019,El Paso,10-El Paso,594
2019,Ellis,3-Arlington,120
2019,Erath,3-Arlington,39
2019,Falls,7-Austin,77
2019,Fannin,3-Arlington,107
2019,Fayette,7-Austin,44
2019,Fisher,2-Abilene,9
2019,Floyd,1-Lubbock,21
2019,Foard,2-Abilene,4
2019,Fort Bend,6-Houston,267
2019,Franklin,4-Tyler,29
2019,Freestone,7-Austin,56
2019,Frio,8-San Antonio,92
2019,Gaines,9-Midland,49
2019,Galveston,6-Houston,446
2019,Garza,1-Lubbock,24
2019,Gillespie,8-San Antonio,20
2019,Glasscock,9-Midland,4
2019,Goliad,8-San Antonio,10
2019,Gonzales,8-San Antonio,27
2019,Gray,1-Lubbock,89
2019,Grayson,3-Arlington,308
2019,Gregg,4-Tyler,507
2019,Grimes,7-Austin,59
2019,Guadalupe,8-San Antonio,225
2019,Hale,1-Lubbock,94
2019,Hall,1-Lubbock,15
2019,Hamilton,7-Austin,23
2019,Hansford,1-Lubbock,2
2019,Hardeman,2-Abilene,2
2019,Hardin,5-Beaumont,170
2019,Harris,6-Houston,4892
2019,Harrison,4-Tyler,183
2019,Hartley,1-Lubbock,3
2019,Haskell,2-Abilene,21
2019,Hays,7-Austin,490
2019,Hemphill,1-Lubbock,4
2019,Henderson,4-Tyler,408
2019,Hidalgo,11-Edinburg,1126
2019,Hill,7-Austin,145
2019,Hockley,1-Lubbock,117
2019,Hood,3-Arlington,145
2019,Hopkins,4-Tyler,105
2019,Houston,5-Beaumont,102
2019,Howard,9-Midland,103
2019,Hudspeth,10-El Paso,3
2019,Hunt,3-Arlington,359
2019,Hutchinson,1-Lubbock,70
2019,Irion,9-Midland,9
2019,Jack,2-Abilene,22
2019,Jackson,8-San Antonio,26
2019,Jasper,5-Beaumont,149
2019,Jeff Davis,10-El Paso,2
2019,Jefferson,5-Beaumont,442
2019,Jim Hogg,11-Edinburg,17
2019,Jim Wells,11-Edinburg,149
2019,Johnson,3-Arlington,331
2019,Jones,2-Abilene,114
2019,Karnes,8-San Antonio,55
2019,Kaufman,3-Arlington,160
2019,Kendall,8-San Antonio,28
2019,Kerr,8-San Antonio,98
2019,Kimble,9-Midland,24
2019,Kinney,8-San Antonio,5
2019,Kleberg,11-Edinburg,74
2019,Knox,2-Abilene,1
2019,La Salle,8-San Antonio,8
2019,Lamar,4-Tyler,199
2019,Lamb,1-Lubbock,42
2019,Lampasas,7-Austin,84
2019,Lavaca,8-San Antonio,27
2019,Lee,7-Austin,48
2019,Leon,7-Austin,21
2019,Liberty,6-Houston,228
2019,Limestone,7-Austin,58
2019,Live Oak,11-Edinburg,19
2019,Llano,7-Austin,95
2019,Lubbock,1-Lubbock,1285
2019,Lynn,1-Lubbock,7
2019,Madison,7-Austin,10
2019,Marion,4-Tyler,46
2019,Martin,9-Midland,6
2019,Mason,9-Midland,11
2019,Matagorda,6-Houston,125
2019,Maverick,8-San Antonio,33
2019,McCulloch,9-Midland,35
2019,McLennan,7-Austin,1127
2019,McMullen,11-Edinburg,2
2019,Medina,8-San Antonio,181
2019,Menard,9-Midland,6
2019,Midland,9-Midland,207
2019,Milam,7-Austin,96
2019,Mills,7-Austin,19
2019,Mitchell,2-Abilene,36
2019,Montague,2-Abilene,81
2019,Montgomery,6-Houston,802
2019,Moore,1-Lubbock,47
2019,Morris,4-Tyler,55
2019,Motley,1-Lubbock,6
2019,Nacogdoches,5-Beaumont,267
2019,Navarro,3-Arlington,79
2019,Newton,5-Beaumont,33
2019,Nolan,2-Abilene,82
2019,Nueces,11-Edinburg,773
2019,Ochiltree,1-Lubbock,35
2019,Oldham,1-Lubbock,9
2019,Orange,5-Beaumont,284
2019,Palo Pinto,3-Arlington,183
2019,Panola,4-Tyler,63
2019,Parker,3-Arlington,244
2019,Parmer,1-Lubbock,17
2019,Pecos,9-Midland,59
2019,Polk,5-Beaumont,111
2019,Potter,1-Lubbock,621
2019,Presidio,10-El Paso,1
2019,Rains,4-Tyler,39
2019,Randall,1-Lubbock,338
2019,Reagan,9-Midland,13
2019,Real,8-San Antonio,11
2019,Red River,4-Tyler,37
2019,Reeves,9-Midland,25
2019,Refugio,11-Edinburg,27
2019,Robertson,7-Austin,64
2019,Rockwall,3-Arlington,106
2019,Runnels,2-Abilene,36
2019,Rusk,4-Tyler,165
2019,Sabine,5-Beaumont,31
2019,San Augustine,5-Beaumont,20
2019,San Jacinto,5-Beaumont,70
2019,San Patricio,11-Edinburg,186
2019,San Saba,7-Austin,23
2019,Schleicher,9-Midland,10
2019,Scurry,2-Abilene,52
2019,Shackelford,2-Abilene,9
2019,Shelby,5-Beaumont,64
2019,Sherman,1-Lubbock,8
2019,Smith,4-Tyler,499
2019,Somervell,3-Arlington,20
2019,Starr,11-Edinburg,127
2019,Stephens,2-Abilene,28
2019,Stonewall,2-Abilene,3
2019,Sutton,9-Midland,26
2019,Swisher,1-Lubbock,49
2019,Tarrant,3-Arlington,2005
2019,Taylor,2-Abilene,865
2019,Terry,1-Lubbock,25
2019,Throckmorton,2-Abilene,1
2019,Titus,4-Tyler,91
2019,Tom Green,9-Midland,477
2019,Travis,7-Austin,1850
2019,Trinity,5-Beaumont,60
2019,Tyler,5-Beaumont,105
2019,Upshur,4-Tyler,226
2019,Upton,9-Midland,23
2019,Uvalde,8-San Antonio,75
2019,Val Verde,8-San Antonio,69
2019,Van Zandt,4-Tyler,193
2019,Victoria,8-San Antonio,222
2019,Walker,6-Houston,92
2019,Waller,6-Houston,78
2019,Ward,9-Midland,50
2019,Washington,7-Austin,73
2019,Webb,11-Edinburg,421
2019,Wharton,6-Houston,98
2019,Wheeler,1-Lubbock,10
2019,Wichita,2-Abilene,382
2019,Wilbarger,2-Abilene,30
2019,Willacy,11-Edinburg,54
2019,Williamson,7-Austin,515
2019,Wilson,8-San Antonio,81
2019,Winkler,9-Midland,19
2019,Wise,3-Arlington,128
2019,Wood,4-Tyler,84
2019,Yoakum,1-Lubbock,6
2019,Young,2-Abilene,72
2019,Zapata,11-Edinburg,28
2019,Zavala,8-San Antonio,17
2018,Anderson,4-Tyler,215
2018,Andrews,9-Midland,64
2018,Angelina,5-Beaumont,239
2018,Aransas,11-Edinburg,121
2018,Archer,2-Abilene,8
2018,Armstrong,1-Lubbock,4
2018,Atascosa,8-San Antonio,188
2018,Austin,6-Houston,13
2018,Bailey,1-Lubbock,19
2018,Bandera,8-San Antonio,54
2018,Bastrop,7-Austin,235
2018,Baylor,2-Abilene,12
2018,Bee,11-Edinburg,174
2018,Bell,7-Austin,1573
2018,Bexar,8-San Antonio,5751
2018,Blanco,7-Austin,36
2018,Borden,9-Midland,4
2018,Bosque,7-Austin,86
2018,Bowie,4-Tyler,180
2018,Brazoria,6-Houston,321
2018,Brazos,7-Austin,164
2018,Brewster,10-El Paso,8
2018,Briscoe,1-Lubbock,1
2018,Brooks,11-Edinburg,15
2018,Brown,2-Abilene,295
2018,Burleson,7-Austin,77
2018,Burnet,7-Austin,250
2018,Caldwell,7-Austin,151
2018,Calhoun,8-San Antonio,55
2018,Callahan,2-Abilene,34
2018,Cameron,11-Edinburg,729
2018,Camp,4-Tyler,56
2018,Carson,1-Lubbock,23
2018,Cass,4-Tyler,57
2018,Castro,1-Lubbock,11
2018,Chambers,6-Houston,68
2018,Cherokee,4-Tyler,247
2018,Childress,1-Lubbock,27
2018,Clay,2-Abilene,23
2018,Cochran,1-Lubbock,4
2018,Coke,9-Midland,15
2018,Coleman,2-Abilene,57
2018,Collin,3-Arlington,615
2018,Collingsworth,1-Lubbock,7
2018,Colorado,6-Houston,20
2018,Comal,8-San Antonio,414
2018,Comanche,2-Abilene,50
2018,Concho,9-Midland,5
2018,Cooke,3-Arlington,223
2018,Coryell,7-Austin,283
2018,Cottle,2-Abilene,1
2018,Crane,9-Midland,7
2018,Crockett,9-Midland,23
2018,Crosby,1-Lubbock,30
2018,Culberson,10-El Paso,5
2018,Dallam,1-Lubbock,31
2018,Dallas,3-Arlington,4735
2018,Dawson,9-Midland,45
2018,DeWitt,8-San Antonio,55
2018,Deaf Smith,1-Lubbock,61
2018,Delta,4-Tyler,13
2018,Denton,3-Arlington,867
2018,Dickens,1-Lubbock,5
2018,Dimmit,8-San Antonio,52
2018,Donley,1-Lubbock,18
2018,Duval,11-Edinburg,39
2018,Eastland,2-Abilene,58
2018,Ector,9-Midland,354
2018,Edwards,8-San Antonio,2
2018,El Paso,10-El Paso,614
2018,Ellis,3-Arlington,121
2018,Erath,3-Arlington,52
2018,Falls,7-Austin,61
2018,Fannin,3-Arlington,128
2018,Fayette,7-Austin,54
2018,Fisher,2-Abilene,16
2018,Floyd,1-Lubbock,20
2018,Foard,2-Abilene,4
2018,Fort Bend,6-Houston,305
2018,Franklin,4-Tyler,22
2018,Freestone,7-Austin,54
2018,Frio,8-San Antonio,105
2018,Gaines,9-Midland,54
2018,Galveston,6-Houston,442
2018,Garza,1-Lubbock,4
2018,Gillespie,8-San Antonio,25
2018,Goliad,8-San Antonio,9
2018,Gonzales,8-San Antonio,34
2018,Gray,1-Lubbock,96
2018,Grayson,3-Arlington,358
2018,Gregg,4-Tyler,553
2018,Grimes,7-Austin,59
2018,Guadalupe,8-San Antonio,241
2018,Hale,1-Lubbock,92
2018,Hall,1-Lubbock,22
2018,Hamilton,7-Austin,18
2018,Hansford,1-Lubbock,4
2018,Hardeman,2-Abilene,8
2018,Hardin,5-Beaumont,110
2018,Harris,6-Houston,5670
2018,Harrison,4-Tyler,183
2018,Hartley,1-Lubbock,2
2018,Haskell,2-Abilene,24
2018,Hays,7-Austin,410
2018,Hemphill,1-Lubbock,3
2018,Henderson,4-Tyler,381
2018,Hidalgo,11-Edinburg,1116
2018,Hill,7-Austin,157
2018,Hockley,1-Lubbock,119
2018,Hood,3-Arlington,154
2018,Hopkins,4-Tyler,93
2018,Houston,5-Beaumont,117
2018,Howard,9-Midland,116
2018,Hudspeth,10-El Paso,3
2018,Hunt,3-Arlington,348
2018,Hutchinson,1-Lubbock,76
2018,Irion,9-Midland,1
2018,Jack,2-Abilene,33
2018,Jackson,8-San Antonio,29
2018,Jasper,5-Beaumont,198
2018,Jeff Davis,10-El Paso,2
2018,Jefferson,5-Beaumont,435
2018,Jim Hogg,11-Edinburg,18
2018,Jim Wells,11-Edinburg,161
2018,Johnson,3-Arlington,384
2018,Jones,2-Abilene,73
2018,Karnes,8-San Antonio,74
2018,Kaufman,3-Arlington,163
2018,Kendall,8-San Antonio,23
2018,Kerr,8-San Antonio,95
2018,Kimble,9-Midland,31
2018,Kinney,8-San Antonio,3
2018,Kleberg,11-Edinburg,107
2018,Knox,2-Abilene,3
2018,La Salle,8-San Antonio,9
2018,Lamar,4-Tyler,196
2018,Lamb,1-Lubbock,39
2018,Lampasas,7-Austin,75
2018,Lavaca,8-San Antonio,25
2018,Lee,7-Austin,43
2018,Leon,7-Austin,29
2018,Liberty,6-Houston,264
2018,Limestone,7-Austin,38
2018,Lipscomb,1-Lubbock,1
2018,Live Oak,11-Edinburg,31
2018,Llano,7-Austin,112
2018,Lubbock,1-Lubbock,1291
2018,Lynn,1-Lubbock,6
2018,Madison,7-Austin,15
2018,Marion,4-Tyler,38
2018,Martin,9-Midland,6
2018,Mason,9-Midland,15
2018,Matagorda,6-Houston,100
2018,Maverick,8-San Antonio,23
2018,McCulloch,9-Midland,37
2018,McLennan,7-Austin,1016
2018,Medina,8-San Antonio,139
2018,Menard,9-Midland,14
2018,Midland,9-Midland,184
2018,Milam,7-Austin,149
2018,Mills,7-Austin,12
2018,Mitchell,2-Abilene,32
2018,Montague,2-Abilene,89
2018,Montgomery,6-Houston,804
2018,Moore,1-Lubbock,47
2018,Morris,4-Tyler,51
2018,Motley,1-Lubbock,3
2018,Nacogdoches,5-Beaumont,224
2018,Navarro,3-Arlington,91
2018,Newton,5-Beaumont,34
2018,Nolan,2-Abilene,74
2018,Nueces,11-Edinburg,864
2018,Ochiltree,1-Lubbock,27
2018,Oldham,1-Lubbock,9
2018,Orange,5-Beaumont,267
2018,Palo Pinto,3-Arlington,193
2018,Panola,4-Tyler,71
2018,Parker,3-Arlington,230
2018,Parmer,1-Lubbock,15
2018,Pecos,9-Midland,35
2018,Polk,5-Beaumont,117
2018,Potter,1-Lubbock,591
2018,Presidio,10-El Paso,2
2018,Rains,4-Tyler,38
2018,Randall,1-Lubbock,396
2018,Reagan,9-Midland,14
2018,Real,8-San Antonio,18
2018,Red River,4-Tyler,29
2018,Reeves,9-Midland,16
2018,Refugio,11-Edinburg,16
2018,Robertson,7-Austin,48
2018,Rockwall,3-Arlington,90
2018,Runnels,2-Abilene,37
2018,Rusk,4-Tyler,157
2018,Sabine,5-Beaumont,37
2018,San Augustine,5-Beaumont,20
2018,San Jacinto,5-Beaumont,63
2018,San Patricio,11-Edinburg,181
2018,San Saba,7-Austin,25
2018,Schleicher,9-Midland,11
2018,Scurry,2-Abilene,50
2018,Shackelford,2-Abilene,9
2018,Shelby,5-Beaumont,73
2018,Sherman,1-Lubbock,7
2018,Smith,4-Tyler,470
2018,Somervell,3-Arlington,25
2018,Starr,11-Edinburg,114
2018,Stephens,2-Abilene,18
2018,Stonewall,2-Abilene,2
2018,Sutton,9-Midland,23
2018,Swisher,1-Lubbock,27
2018,Tarrant,3-Arlington,1996
2018,Taylor,2-Abilene,790
2018,Terrell,9-Midland,2
2018,Terry,1-Lubbock,32
2018,Throckmorton,2-Abilene,1
2018,Titus,4-Tyler,91
2018,Tom Green,9-Midland,445
2018,Travis,7-Austin,1861
2018,Trinity,5-Beaumont,55
2018,Tyler,5-Beaumont,69
2018,Upshur,4-Tyler,219
2018,Upton,9-Midland,24
2018,Uvalde,8-San Antonio,92
2018,Val Verde,8-San Antonio,52
2018,Van Zandt,4-Tyler,185
2018,Victoria,8-San Antonio,192
2018,Walker,6-Houston,98
2018,Waller,6-Houston,95
2018,Ward,9-Midland,30
2018,Washington,7-Austin,57
2018,Webb,11-Edinburg,433
2018,Wharton,6-Houston,98
2018,Wheeler,1-Lubbock,9
2018,Wichita,2-Abilene,412
2018,Wilbarger,2-Abilene,31
2018,Willacy,11-Edinburg,38
2018,Williamson,7-Austin,540
2018,Wilson,8-San Antonio,83
2018,Winkler,9-Midland,21
2018,Wise,3-Arlington,147
2018,Wood,4-Tyler,120
2018,Yoakum,1-Lubbock,7
2018,Young,2-Abilene,64
2018,Zapata,11-Edinburg,21
2018,Zavala,8-San Antonio,24
2017,Anderson,4-Tyler,179
2017,Andrews,9-Midland,61
2017,Angelina,5-Beaumont,237
2017,Aransas,11-Edinburg,104
2017,Archer,2-Abilene,11
2017,Atascosa,8-San Antonio,201
2017,Austin,6-Houston,21
2017,Bailey,1-Lubbock,17
2017,Bandera,8-San Antonio,49
2017,Bastrop,7-Austin,202
2017,Baylor,2-Abilene,11
2017,Bee,11-Edinburg,142
2017,Bell,7-Austin,1276
2017,Bexar,8-San Antonio,5437
2017,Blanco,7-Austin,26
2017,Bosque,7-Austin,94
2017,Bowie,4-Tyler,230
2017,Brazoria,6-Houston,268
2017,Brazos,7-Austin,128
2017,Brewster,10-El Paso,4
2017,Briscoe,1-Lubbock,1
2017,Brooks,11-Edinburg,25
2017,Brown,2-Abilene,306
2017,Burleson,7-Austin,54
2017,Burnet,7-Austin,217
2017,Caldwell,7-Austin,148
2017,Calhoun,8-San Antonio,64
2017,Callahan,2-Abilene,25
2017,Cameron,11-Edinburg,729
2017,Camp,4-Tyler,41
2017,Carson,1-Lubbock,17
2017,Cass,4-Tyler,85
2017,Castro,1-Lubbock,17
2017,Chambers,6-Houston,76
2017,Cherokee,4-Tyler,221
2017,Childress,1-Lubbock,26
2017,Clay,2-Abilene,13
2017,Cochran,1-Lubbock,6
2017,Coke,9-Midland,11
2017,Coleman,2-Abilene,40
2017,Collin,3-Arlington,536
2017,Collingsworth,1-Lubbock,5
2017,Colorado,6-Houston,16
2017,Comal,8-San Antonio,417
2017,Comanche,2-Abilene,36
2017,Concho,9-Midland,2
2017,Cooke,3-Arlington,211
2017,Coryell,7-Austin,244
2017,Crane,9-Midland,15
2017,Crockett,9-Midland,26
2017,Crosby,1-Lubbock,40
2017,Culberson,10-El Paso,6
2017,Dallam,1-Lubbock,31
2017,Dallas,3-Arlington,4310
2017,Dawson,9-Midland,32
2017,DeWitt,8-San Antonio,76
2017,Deaf Smith,1-Lubbock,65
2017,Delta,4-Tyler,8
2017,Denton,3-Arlington,744
2017,Dickens,1-Lubbock,4
2017,Dimmit,8-San Antonio,52
2017,Donley,1-Lubbock,23
2017,Duval,11-Edinburg,33
2017,Eastland,2-Abilene,59
2017,Ector,9-Midland,398
2017,Edwards,8-San Antonio,5
2017,El Paso,10-El Paso,648
2017,Ellis,3-Arlington,123
2017,Erath,3-Arlington,51
2017,Falls,7-Austin,42
2017,Fannin,3-Arlington,117
2017,Fayette,7-Austin,64
2017,Fisher,2-Abilene,13
2017,Floyd,1-Lubbock,20
2017,Foard,2-Abilene,1
2017,Fort Bend,6-Houston,313
2017,Franklin,4-Tyler,27
2017,Freestone,7-Austin,38
2017,Frio,8-San Antonio,113
2017,Gaines,9-Midland,38
2017,Galveston,6-Houston,399
2017,Garza,1-Lubbock,10
2017,Gillespie,8-San Antonio,35
2017,Goliad,8-San Antonio,14
2017,Gonzales,8-San Antonio,45
2017,Gray,1-Lubbock,92
2017,Grayson,3-Arlington,386
2017,Gregg,4-Tyler,448
2017,Grimes,7-Austin,50
2017,Guadalupe,8-San Antonio,254
2017,Hale,1-Lubbock,119
2017,Hall,1-Lubbock,13
2017,Hamilton,7-Austin,16
2017,Hansford,1-Lubbock,13
2017,Hardeman,2-Abilene,3
2017,Hardin,5-Beaumont,63
2017,Harris,6-Houston,5893
2017,Harrison,4-Tyler,187
2017,Hartley,1-Lubbock,5
2017,Haskell,2-Abilene,15
2017,Hays,7-Austin,311
2017,Hemphill,1-Lubbock,11
2017,Henderson,4-Tyler,396
2017,Hidalgo,11-Edinburg,1040
2017,Hill,7-Austin,135
2017,Hockley,1-Lubbock,89
2017,Hood,3-Arlington,161
2017,Hopkins,4-Tyler,118
2017,Houston,5-Beaumont,114
2017,Howard,9-Midland,133
2017,Hudspeth,10-El Paso,4
2017,Hunt,3-Arlington,313
2017,Hutchinson,1-Lubbock,76
2017,Irion,9-Midland,1
2017,Jack,2-Abilene,41
2017,Jackson,8-San Antonio,24
2017,Jasper,5-Beaumont,188
2017,Jefferson,5-Beaumont,442
2017,Jim Hogg,11-Edinburg,6
2017,Jim Wells,11-Edinburg,150
2017,Johnson,3-Arlington,465
2017,Jones,2-Abilene,39
2017,Karnes,8-San Antonio,75
2017,Kaufman,3-Arlington,158
2017,Kendall,8-San Antonio,29
2017,Kerr,8-San Antonio,136
2017,Kimble,9-Midland,22
2017,Kinney,8-San Antonio,2
2017,Kleberg,11-Edinburg,86
2017,Knox,2-Abilene,2
2017,La Salle,8-San Antonio,17
2017,Lamar,4-Tyler,209
2017,Lamb,1-Lubbock,45
2017,Lampasas,7-Austin,80
2017,Lavaca,8-San Antonio,28
2017,Lee,7-Austin,48
2017,Leon,7-Austin,28
2017,Liberty,6-Houston,304
2017,Limestone,7-Austin,36
2017,Lipscomb,1-Lubbock,3
2017,Live Oak,11-Edinburg,29
2017,Llano,7-Austin,93
2017,Lubbock,1-Lubbock,1298
2017,Lynn,1-Lubbock,14
2017,Madison,7-Austin,14
2017,Marion,4-Tyler,55
2017,Martin,9-Midland,14
2017,Mason,9-Midland,8
2017,Matagorda,6-Houston,69
2017,Maverick,8-San Antonio,26
2017,McCulloch,9-Midland,36
2017,McLennan,7-Austin,907
2017,Medina,8-San Antonio,140
2017,Menard,9-Midland,10
2017,Midland,9-Midland,205
2017,Milam,7-Austin,166
2017,Mills,7-Austin,15
2017,Mitchell,2-Abilene,18
2017,Montague,2-Abilene,92
2017,Montgomery,6-Houston,652
2017,Moore,1-Lubbock,55
2017,Morris,4-Tyler,31
2017,Motley,1-Lubbock,3
2017,Nacogdoches,5-Beaumont,214
2017,Navarro,3-Arlington,87
2017,Newton,5-Beaumont,40
2017,Nolan,2-Abilene,52
2017,Nueces,11-Edinburg,893
2017,Ochiltree,1-Lubbock,21
2017,Oldham,1-Lubbock,1
2017,Orange,5-Beaumont,266
2017,Out of State,Out of State,2
2017,Palo Pinto,3-Arlington,225
2017,Panola,4-Tyler,78
2017,Parker,3-Arlington,245
2017,Parmer,1-Lubbock,10
2017,Pecos,9-Midland,23
2017,Polk,5-Beaumont,100
2017,Potter,1-Lubbock,496
2017,Rains,4-Tyler,36
2017,Randall,1-Lubbock,348
2017,Reagan,9-Midland,9
2017,Real,8-San Antonio,25
2017,Red River,4-Tyler,45
2017,Reeves,9-Midland,16
2017,Refugio,11-Edinburg,9
2017,Robertson,7-Austin,24
2017,Rockwall,3-Arlington,53
2017,Runnels,2-Abilene,35
2017,Rusk,4-Tyler,168
2017,Sabine,5-Beaumont,38
2017,San Augustine,5-Beaumont,14
2017,San Jacinto,5-Beaumont,62
2017,San Patricio,11-Edinburg,179
2017,San Saba,7-Austin,28
2017,Schleicher,9-Midland,13
2017,Scurry,2-Abilene,36
2017,Shackelford,2-Abilene,6
2017,Shelby,5-Beaumont,79
2017,Sherman,1-Lubbock,8
2017,Smith,4-Tyler,485
2017,Somervell,3-Arlington,25
2017,Starr,11-Edinburg,94
2017,Stephens,2-Abilene,19
2017,Sterling,9-Midland,4
2017,Stonewall,2-Abilene,1
2017,Sutton,9-Midland,20
2017,Swisher,1-Lubbock,21
2017,Tarrant,3-Arlington,1998
2017,Taylor,2-Abilene,707
2017,Terry,1-Lubbock,39
2017,Titus,4-Tyler,85
2017,Tom Green,9-Midland,477
2017,Travis,7-Austin,1856
2017,Trinity,5-Beaumont,56
2017,Tyler,5-Beaumont,48
2017,Upshur,4-Tyler,167
2017,Upton,9-Midland,13
2017,Uvalde,8-San Antonio,93
2017,Val Verde,8-San Antonio,46
2017,Van Zandt,4-Tyler,213
2017,Victoria,8-San Antonio,190
2017,Walker,6-Houston,54
2017,Waller,6-Houston,68
2017,Ward,9-Midland,34
2017,Washington,7-Austin,57
2017,Webb,11-Edinburg,508
2017,Wharton,6-Houston,83
2017,Wheeler,1-Lubbock,5
2017,Wichita,2-Abilene,379
2017,Wilbarger,2-Abilene,39
2017,Willacy,11-Edinburg,45
2017,Williamson,7-Austin,438
2017,Wilson,8-San Antonio,98
2017,Winkler,9-Midland,20
2017,Wise,3-Arlington,157
2017,Wood,4-Tyler,143
2017,Yoakum,1-Lubbock,5
2017,Young,2-Abilene,53
2017,Zapata,11-Edinburg,30
2017,Zavala,8-San Antonio,39
2016,Anderson,4-Tyler,162
2016,Andrews,9-Midland,56
2016,Angelina,5-Beaumont,208
2016,Aransas,11-Edinburg,91
2016,Archer,2-Abilene,5
2016,Armstrong,1-Lubbock,2
2016,Atascosa,8-San Antonio,180
2016,Austin,6-Houston,22
2016,Bailey,1-Lubbock,16
2016,Bandera,8-San Antonio,42
2016,Bastrop,7-Austin,279
2016,Baylor,2-Abilene,8
2016,Bee,11-Edinburg,139
2016,Bell,7-Austin,1137
2016,Bexar,8-San Antonio,4834
2016,Blanco,7-Austin,27
2016,Bosque,7-Austin,78
2016,Bowie,4-Tyler,235
2016,Brazoria,6-Houston,258
2016,Brazos,7-Austin,113
2016,Brewster,10-El Paso,1
2016,Briscoe,1-Lubbock,3
2016,Brooks,11-Edinburg,25
2016,Brown,2-Abilene,211
2016,Burleson,7-Austin,63
2016,Burnet,7-Austin,153
2016,Caldwell,7-Austin,150
2016,Calhoun,8-San Antonio,55
2016,Callahan,2-Abilene,19
2016,Cameron,11-Edinburg,715
2016,Camp,4-Tyler,33
2016,Carson,1-Lubbock,13
2016,Cass,4-Tyler,108
2016,Castro,1-Lubbock,26
2016,Chambers,6-Houston,76
2016,Cherokee,4-Tyler,217
2016,Childress,1-Lubbock,13
2016,Clay,2-Abilene,10
2016,Cochran,1-Lubbock,4
2016,Coke,9-Midland,10
2016,Coleman,2-Abilene,25
2016,Collin,3-Arlington,515
2016,Collingsworth,1-Lubbock,7
2016,Colorado,6-Houston,19
2016,Comal,8-San Antonio,455
2016,Comanche,2-Abilene,24
2016,Concho,9-Midland,2
2016,Cooke,3-Arlington,160
2016,Coryell,7-Austin,220
2016,Crane,9-Midland,11
2016,Crockett,9-Midland,22
2016,Crosby,1-Lubbock,53
2016,Culberson,10-El Paso,2
2016,Dallam,1-Lubbock,29
2016,Dallas,3-Arlington,4626
2016,Dawson,9-Midland,56
2016,DeWitt,8-San Antonio,97
2016,Deaf Smith,1-Lubbock,73
2016,Delta,4-Tyler,13
2016,Denton,3-Arlington,687
2016,Dickens,1-Lubbock,4
2016,Dimmit,8-San Antonio,66
2016,Donley,1-Lubbock,9
2016,Duval,11-Edinburg,46
2016,Eastland,2-Abilene,48
2016,Ector,9-Midland,425
2016,Edwards,8-San Antonio,6
2016,El Paso,10-El Paso,630
2016,Ellis,3-Arlington,132
2016,Erath,3-Arlington,40
2016,Falls,7-Austin,28
2016,Fannin,3-Arlington,76
2016,Fayette,7-Austin,62
2016,Fisher,2-Abilene,3
2016,Floyd,1-Lubbock,18
2016,Foard,2-Abilene,2
2016,Fort Bend,6-Houston,285
2016,Franklin,4-Tyler,33
2016,Freestone,7-Austin,22
2016,Frio,8-San Antonio,120
2016,Gaines,9-Midland,24
2016,Galveston,6-Houston,465
2016,Garza,1-Lubbock,17
2016,Gillespie,8-San Antonio,39
2016,Goliad,8-San Antonio,10
2016,Gonzales,8-San Antonio,58
2016,Gray,1-Lubbock,61
2016,Grayson,3-Arlington,406
2016,Gregg,4-Tyler,429
2016,Grimes,7-Austin,43
2016,Guadalupe,8-San Antonio,264
2016,Hale,1-Lubbock,123
2016,Hall,1-Lubbock,9
2016,Hamilton,7-Austin,24
2016,Hansford,1-Lubbock,17
2016,Hardeman,2-Abilene,5
2016,Hardin,5-Beaumont,63
2016,Harris,6-Houston,5938
2016,Harrison,4-Tyler,180
2016,Hartley,1-Lubbock,5
2016,Haskell,2-Abilene,10
2016,Hays,7-Austin,321
2016,Hemphill,1-Lubbock,15
2016,Henderson,4-Tyler,419
2016,Hidalgo,11-Edinburg,961
2016,Hill,7-Austin,133
2016,Hockley,1-Lubbock,65
2016,Hood,3-Arlington,177
2016,Hopkins,4-Tyler,113
2016,Houston,5-Beaumont,119
2016,Howard,9-Midland,147
2016,Hunt,3-Arlington,311
2016,Hutchinson,1-Lubbock,60
2016,Jack,2-Abilene,32
2016,Jackson,8-San Antonio,29
2016,Jasper,5-Beaumont,133
2016,Jefferson,5-Beaumont,448
2016,Jim Hogg,11-Edinburg,10
2016,Jim Wells,11-Edinburg,134
2016,Johnson,3-Arlington,467
2016,Jones,2-Abilene,29
2016,Karnes,8-San Antonio,69
2016,Kaufman,3-Arlington,153
2016,Kendall,8-San Antonio,27
2016,Kerr,8-San Antonio,174
2016,Kimble,9-Midland,12
2016,Kleberg,11-Edinburg,97
2016,Knox,2-Abilene,2
2016,La Salle,8-San Antonio,15
2016,Lamar,4-Tyler,170
2016,Lamb,1-Lubbock,48
2016,Lampasas,7-Austin,47
2016,Lavaca,8-San Antonio,31
2016,Lee,7-Austin,59
2016,Leon,7-Austin,28
2016,Liberty,6-Houston,275
2016,Limestone,7-Austin,39
2016,Lipscomb,1-Lubbock,1
2016,Live Oak,11-Edinburg,30
2016,Llano,7-Austin,91
2016,Lubbock,1-Lubbock,1160
2016,Lynn,1-Lubbock,18
2016,Madison,7-Austin,11
2016,Marion,4-Tyler,36
2016,Martin,9-Midland,8
2016,Mason,9-Midland,2
2016,Matagorda,6-Houston,59
2016,Maverick,8-San Antonio,24
2016,McCulloch,9-Midland,31
2016,McLennan,7-Austin,885
2016,Medina,8-San Antonio,156
2016,Menard,9-Midland,6
2016,Midland,9-Midland,216
2016,Milam,7-Austin,154
2016,Mills,7-Austin,15
2016,Mitchell,2-Abilene,14
2016,Montague,2-Abilene,103
2016,Montgomery,6-Houston,559
2016,Moore,1-Lubbock,43
2016,Morris,4-Tyler,33
2016,Motley,1-Lubbock,3
2016,Nacogdoches,5-Beaumont,179
2016,Navarro,3-Arlington,85
2016,Newton,5-Beaumont,43
2016,Nolan,2-Abilene,50
2016,Nueces,11-Edinburg,813
2016,Ochiltree,1-Lubbock,16
2016,Oldham,1-Lubbock,1
2016,Orange,5-Beaumont,293
2016,Palo Pinto,3-Arlington,229
2016,Panola,4-Tyler,69
2016,Parker,3-Arlington,321
2016,Parmer,1-Lubbock,13
2016,Pecos,9-Midland,17
2016,Polk,5-Beaumont,91
2016,Potter,1-Lubbock,423
2016,Presidio,10-El Paso,2
2016,Rains,4-Tyler,33
2016,Randall,1-Lubbock,265
2016,Reagan,9-Midland,4
2016,Real,8-San Antonio,19
2016,Red River,4-Tyler,48
2016,Reeves,9-Midland,29
2016,Refugio,11-Edinburg,6
2016,Robertson,7-Austin,17
2016,Rockwall,3-Arlington,50
2016,Runnels,2-Abilene,31
2016,Rusk,4-Tyler,193
2016,Sabine,5-Beaumont,16
2016,San Augustine,5-Beaumont,11
2016,San Jacinto,5-Beaumont,61
2016,San Patricio,11-Edinburg,155
2016,San Saba,7-Austin,45
2016,Schleicher,9-Midland,12
2016,Scurry,2-Abilene,47
2016,Shackelford,2-Abilene,11
2016,Shelby,5-Beaumont,88
2016,Sherman,1-Lubbock,7
2016,Smith,4-Tyler,562
2016,Somervell,3-Arlington,22
2016,Starr,11-Edinburg,59
2016,Stephens,2-Abilene,14
2016,Sterling,9-Midland,4
2016,Sutton,9-Midland,10
2016,Swisher,1-Lubbock,21
2016,Tarrant,3-Arlington,1958
2016,Taylor,2-Abilene,615
2016,Terry,1-Lubbock,35
2016,Titus,4-Tyler,87
2016,Tom Green,9-Midland,503
2016,Travis,7-Austin,1872
2016,Trinity,5-Beaumont,55
2016,Tyler,5-Beaumont,37
2016,Upshur,4-Tyler,116
2016,Upton,9-Midland,8
2016,Uvalde,8-San Antonio,107
2016,Val Verde,8-San Antonio,51
2016,Van Zandt,4-Tyler,236
2016,Victoria,8-San Antonio,213
2016,Walker,6-Houston,59
2016,Waller,6-Houston,81
2016,Ward,9-Midland,28
2016,Washington,7-Austin,63
2016,Webb,11-Edinburg,547
2016,Wharton,6-Houston,45
2016,Wheeler,1-Lubbock,10
2016,Wichita,2-Abilene,338
2016,Wilbarger,2-Abilene,29
2016,Willacy,11-Edinburg,61
2016,Williamson,7-Austin,482
2016,Wilson,8-San Antonio,95
2016,Winkler,9-Midland,22
2016,Wise,3-Arlington,158
2016,Wood,4-Tyler,126
2016,Yoakum,1-Lubbock,6
2016,Young,2-Abilene,32
2016,Zapata,11-Edinburg,29
2016,Zavala,8-San Antonio,41
2015,Anderson,4-Tyler,147
2015,Andrews,9-Midland,41
2015,Angelina,5-Beaumont,205
2015,Aransas,11-Edinburg,100
2015,Archer,2-Abilene,6
2015,Armstrong,1-Lubbock,1
2015,Atascosa,8-San Antonio,214
2015,Austin,6-Houston,27
2015,Bailey,1-Lubbock,22
2015,Bandera,8-San Antonio,41
2015,Bastrop,7-Austin,294
2015,Baylor,2-Abilene,4
2015,Bee,11-Edinburg,174
2015,Bell,7-Austin,1045
2015,Bexar,8-San Antonio,5002
2015,Blanco,7-Austin,16
2015,Bosque,7-Austin,64
2015,Bowie,4-Tyler,207
2015,Brazoria,6-Houston,256
2015,Brazos,7-Austin,128
2015,Brewster,10-El Paso,3
2015,Briscoe,1-Lubbock,5
2015,Brooks,11-Edinburg,19
2015,Brown,2-Abilene,160
2015,Burleson,7-Austin,59
2015,Burnet,7-Austin,126
2015,Caldwell,7-Austin,137
2015,Calhoun,8-San Antonio,51
2015,Callahan,2-Abilene,20
2015,Cameron,11-Edinburg,684
2015,Camp,4-Tyler,46
2015,Carson,1-Lubbock,11
2015,Cass,4-Tyler,86
2015,Castro,1-Lubbock,24
2015,Chambers,6-Houston,52
2015,Cherokee,4-Tyler,195
2015,Childress,1-Lubbock,8
2015,Clay,2-Abilene,8
2015,Cochran,1-Lubbock,2
2015,Coke,9-Midland,7
2015,Coleman,2-Abilene,22
2015,Collin,3-Arlington,541
2015,Collingsworth,1-Lubbock,10
2015,Colorado,6-Houston,23
2015,Comal,8-San Antonio,411
2015,Comanche,2-Abilene,17
2015,Concho,9-Midland,2
2015,Cooke,3-Arlington,128
2015,Coryell,7-Austin,200
2015,Cottle,2-Abilene,3
2015,Crane,9-Midland,3
2015,Crockett,9-Midland,17
2015,Crosby,1-Lubbock,35
2015,Culberson,10-El Paso,4
2015,Dallam,1-Lubbock,21
2015,Dallas,3-Arlington,4646
2015,Dawson,9-Midland,66
2015,DeWitt,8-San Antonio,70
2015,Deaf Smith,1-Lubbock,52
2015,Delta,4-Tyler,24
2015,Denton,3-Arlington,616
2015,Dickens,1-Lubbock,10
2015,Dimmit,8-San Antonio,71
2015,Donley,1-Lubbock,10
2015,Duval,11-Edinburg,41
2015,Eastland,2-Abilene,29
2015,Ector,9-Midland,457
2015,Edwards,8-San Antonio,5
2015,El Paso,10-El Paso,721
2015,Ellis,3-Arlington,146
2015,Erath,3-Arlington,48
2015,Falls,7-Austin,33
2015,Fannin,3-Arlington,50
2015,Fayette,7-Austin,57
2015,Fisher,2-Abilene,7
2015,Floyd,1-Lubbock,28
2015,Foard,2-Abilene,1
2015,Fort Bend,6-Houston,253
2015,Franklin,4-Tyler,29
2015,Freestone,7-Austin,34
2015,Frio,8-San Antonio,124
2015,Gaines,9-Midland,27
2015,Galveston,6-Houston,463
2015,Garza,1-Lubbock,26
2015,Gillespie,8-San Antonio,35
2015,Goliad,8-San Antonio,15
2015,Gonzales,8-San Antonio,57
2015,Gray,1-Lubbock,55
2015,Grayson,3-Arlington,279
2015,Gregg,4-Tyler,382
2015,Grimes,7-Austin,49
2015,Guadalupe,8-San Antonio,252
2015,Hale,1-Lubbock,120
2015,Hall,1-Lubbock,8
2015,Hamilton,7-Austin,12
2015,Hansford,1-Lubbock,24
2015,Hardeman,2-Abilene,7
2015,Hardin,5-Beaumont,61
2015,Harris,6-Houston,5910
2015,Harrison,4-Tyler,164
2015,Hartley,1-Lubbock,1
2015,Haskell,2-Abilene,9
2015,Hays,7-Austin,310
2015,Hemphill,1-Lubbock,18
2015,Henderson,4-Tyler,350
2015,Hidalgo,11-Edinburg,993
2015,Hill,7-Austin,121
2015,Hockley,1-Lubbock,65
2015,Hood,3-Arlington,157
2015,Hopkins,4-Tyler,104
2015,Houston,5-Beaumont,81
2015,Howard,9-Midland,136
2015,Hunt,3-Arlington,309
2015,Hutchinson,1-Lubbock,64
2015,Jack,2-Abilene,31
2015,Jackson,8-San Antonio,17
2015,Jasper,5-Beaumont,76
2015,Jefferson,5-Beaumont,379
2015,Jim Hogg,11-Edinburg,7
2015,Jim Wells,11-Edinburg,103
2015,Johnson,3-Arlington,437
2015,Jones,2-Abilene,22
2015,Karnes,8-San Antonio,78
2015,Kaufman,3-Arlington,142
2015,Kendall,8-San Antonio,33
2015,Kerr,8-San Antonio,152
2015,Kimble,9-Midland,20
2015,Kleberg,11-Edinburg,86
2015,Knox,2-Abilene,5
2015,La Salle,8-San Antonio,21
2015,Lamar,4-Tyler,173
2015,Lamb,1-Lubbock,40
2015,Lampasas,7-Austin,68
2015,Lavaca,8-San Antonio,31
2015,Lee,7-Austin,53
2015,Leon,7-Austin,36
2015,Liberty,6-Houston,261
2015,Limestone,7-Austin,50
2015,Lipscomb,1-Lubbock,1
2015,Live Oak,11-Edinburg,49
2015,Llano,7-Austin,87
2015,Lubbock,1-Lubbock,1005
2015,Lynn,1-Lubbock,14
2015,Madison,7-Austin,24
2015,Marion,4-Tyler,26
2015,Mason,9-Midland,3
2015,Matagorda,6-Houston,61
2015,Maverick,8-San Antonio,31
2015,McCulloch,9-Midland,20
2015,McLennan,7-Austin,874
2015,McMullen,11-Edinburg,4
2015,Medina,8-San Antonio,170
2015,Menard,9-Midland,3
2015,Midland,9-Midland,185
2015,Milam,7-Austin,130
2015,Mills,7-Austin,16
2015,Mitchell,2-Abilene,10
2015,Montague,2-Abilene,70
2015,Montgomery,6-Houston,568
2015,Moore,1-Lubbock,29
2015,Morris,4-Tyler,28
2015,Motley,1-Lubbock,2
2015,Nacogdoches,5-Beaumont,177
2015,Navarro,3-Arlington,71
2015,Newton,5-Beaumont,24
2015,Nolan,2-Abilene,42
2015,Nueces,11-Edinburg,682
2015,Ochiltree,1-Lubbock,12
2015,Oldham,1-Lubbock,1
2015,Orange,5-Beaumont,286
2015,Palo Pinto,3-Arlington,241
2015,Panola,4-Tyler,52
2015,Parker,3-Arlington,309
2015,Parmer,1-Lubbock,12
2015,Pecos,9-Midland,20
2015,Polk,5-Beaumont,109
2015,Potter,1-Lubbock,434
2015,Presidio,10-El Paso,8
2015,Rains,4-Tyler,20
2015,Randall,1-Lubbock,250
2015,Reagan,9-Midland,2
2015,Real,8-San Antonio,18
2015,Red River,4-Tyler,38
2015,Reeves,9-Midland,27
2015,Refugio,11-Edinburg,15
2015,Robertson,7-Austin,22
2015,Rockwall,3-Arlington,42
2015,Runnels,2-Abilene,51
2015,Rusk,4-Tyler,188
2015,Sabine,5-Beaumont,9
2015,San Augustine,5-Beaumont,13
2015,San Jacinto,5-Beaumont,54
2015,San Patricio,11-Edinburg,163
2015,San Saba,7-Austin,50
2015,Schleicher,9-Midland,13
2015,Scurry,2-Abilene,37
2015,Shackelford,2-Abilene,7
2015,Shelby,5-Beaumont,99
2015,Sherman,1-Lubbock,3
2015,Smith,4-Tyler,537
2015,Somervell,3-Arlington,15
2015,Starr,11-Edinburg,86
2015,Stephens,2-Abilene,16
2015,Sterling,9-Midland,7
2015,Stonewall,2-Abilene,5
2015,Sutton,9-Midland,6
2015,Swisher,1-Lubbock,24
2015,Tarrant,3-Arlington,2009
2015,Taylor,2-Abilene,513
2015,Terry,1-Lubbock,42
2015,Titus,4-Tyler,73
2015,Tom Green,9-Midland,540
2015,Travis,7-Austin,1733
2015,Trinity,5-Beaumont,49
2015,Tyler,5-Beaumont,44
2015,Upshur,4-Tyler,89
2015,Upton,9-Midland,7
2015,Uvalde,8-San Antonio,87
2015,Val Verde,8-San Antonio,38
2015,Van Zandt,4-Tyler,199
2015,Victoria,8-San Antonio,220
2015,Walker,6-Houston,65
2015,Waller,6-Houston,70
2015,Ward,9-Midland,24
2015,Washington,7-Austin,63
2015,Webb,11-Edinburg,641
2015,Wharton,6-Houston,29
2015,Wheeler,1-Lubbock,6
2015,Wichita,2-Abilene,294
2015,Wilbarger,2-Abilene,27
2015,Willacy,11-Edinburg,54
2015,Williamson,7-Austin,433
2015,Wilson,8-San Antonio,102
2015,Winkler,9-Midland,14
2015,Wise,3-Arlington,152
2015,Wood,4-Tyler,136
2015,Yoakum,1-Lubbock,11
2015,Young,2-Abilene,34
2015,Zapata,11-Edinburg,42
2015,Zavala,8-San Antonio,54
2014,Anderson,4-Tyler,134
2014,Andrews,9-Midland,32
2014,Angelina,5-Beaumont,163
2014,Aransas,11-Edinburg,105
2014,Archer,2-Abilene,7
2014,Armstrong,1-Lubbock,5
2014,Atascosa,8-San Antonio,243
2014,Austin,6-Houston,39
2014,Bailey,1-Lubbock,32
2014,Bandera,8-San Antonio,66
2014,Bastrop,7-Austin,310
2014,Baylor,2-Abilene,3
2014,Bee,11-Edinburg,151
2014,Bell,7-Austin,973
2014,Bexar,8-San Antonio,5445
2014,Blanco,7-Austin,19
2014,Borden,9-Midland,6
2014,Bosque,7-Austin,50
2014,Bowie,4-Tyler,211
2014,Brazoria,6-Houston,256
2014,Brazos,7-Austin,161
2014,Brewster,10-El Paso,5
2014,Briscoe,1-Lubbock,3
2014,Brooks,11-Edinburg,26
2014,Brown,2-Abilene,124
2014,Burleson,7-Austin,61
2014,Burnet,7-Austin,160
2014,Caldwell,7-Austin,119
2014,Calhoun,8-San Antonio,51
2014,Callahan,2-Abilene,12
2014,Cameron,11-Edinburg,572
2014,Camp,4-Tyler,54
2014,Carson,1-Lubbock,12
2014,Cass,4-Tyler,95
2014,Castro,1-Lubbock,40
2014,Chambers,6-Houston,58
2014,Cherokee,4-Tyler,177
2014,Childress,1-Lubbock,10
2014,Clay,2-Abilene,12
2014,Cochran,1-Lubbock,7
2014,Coke,9-Midland,13
2014,Coleman,2-Abilene,21
2014,Collin,3-Arlington,504
2014,Collingsworth,1-Lubbock,11
2014,Colorado,6-Houston,22
2014,Comal,8-San Antonio,303
2014,Comanche,2-Abilene,19
2014,Concho,9-Midland,2
2014,Cooke,3-Arlington,148
2014,Coryell,7-Austin,175
2014,Cottle,2-Abilene,4
2014,Crane,9-Midland,4
2014,Crockett,9-Midland,13
2014,Crosby,1-Lubbock,22
2014,Culberson,10-El Paso,6
2014,Dallam,1-Lubbock,9
2014,Dallas,3-Arlington,4382
2014,Dawson,9-Midland,80
2014,DeWitt,8-San Antonio,64
2014,Deaf Smith,1-Lubbock,55
2014,Delta,4-Tyler,21
2014,Denton,3-Arlington,625
2014,Dickens,1-Lubbock,12
2014,Dimmit,8-San Antonio,76
2014,Donley,1-Lubbock,12
2014,Duval,11-Edinburg,27
2014,Eastland,2-Abilene,25
2014,Ector,9-Midland,457
2014,Edwards,8-San Antonio,10
2014,El Paso,10-El Paso,849
2014,Ellis,3-Arlington,118
2014,Erath,3-Arlington,49
2014,Falls,7-Austin,30
2014,Fannin,3-Arlington,39
2014,Fayette,7-Austin,65
2014,Fisher,2-Abilene,7
2014,Floyd,1-Lubbock,42
2014,Foard,2-Abilene,2
2014,Fort Bend,6-Houston,224
2014,Franklin,4-Tyler,29
2014,Freestone,7-Austin,41
2014,Frio,8-San Antonio,92
2014,Gaines,9-Midland,34
2014,Galveston,6-Houston,358
2014,Garza,1-Lubbock,30
2014,Gillespie,8-San Antonio,34
2014,Goliad,8-San Antonio,10
2014,Gonzales,8-San Antonio,50
2014,Gray,1-Lubbock,64
2014,Grayson,3-Arlington,253
2014,Gregg,4-Tyler,338
2014,Grimes,7-Austin,48
2014,Guadalupe,8-San Antonio,195
2014,Hale,1-Lubbock,120
2014,Hall,1-Lubbock,12
2014,Hamilton,7-Austin,8
2014,Hansford,1-Lubbock,13
2014,Hardeman,2-Abilene,13
2014,Hardin,5-Beaumont,54
2014,Harris,6-Houston,6424
2014,Harrison,4-Tyler,144
2014,Hartley,1-Lubbock,4
2014,Haskell,2-Abilene,14
2014,Hays,7-Austin,214
2014,Hemphill,1-Lubbock,11
2014,Henderson,4-Tyler,291
2014,Hidalgo,11-Edinburg,1048
2014,Hill,7-Austin,105
2014,Hockley,1-Lubbock,90
2014,Hood,3-Arlington,129
2014,Hopkins,4-Tyler,90
2014,Houston,5-Beaumont,64
2014,Howard,9-Midland,172
2014,Hudspeth,10-El Paso,1
2014,Hunt,3-Arlington,263
2014,Hutchinson,1-Lubbock,55
2014,Irion,9-Midland,1
2014,Jack,2-Abilene,26
2014,Jackson,8-San Antonio,18
2014,Jasper,5-Beaumont,48
2014,Jefferson,5-Beaumont,383
2014,Jim Hogg,11-Edinburg,11
2014,Jim Wells,11-Edinburg,91
2014,Johnson,3-Arlington,413
2014,Jones,2-Abilene,17
2014,Karnes,8-San Antonio,56
2014,Kaufman,3-Arlington,147
2014,Kendall,8-San Antonio,39
2014,Kent,2-Abilene,4
2014,Kerr,8-San Antonio,156
2014,Kimble,9-Midland,23
2014,Kinney,8-San Antonio,5
2014,Kleberg,11-Edinburg,96
2014,Knox,2-Abilene,9
2014,La Salle,8-San Antonio,27
2014,Lamar,4-Tyler,138
2014,Lamb,1-Lubbock,54
2014,Lampasas,7-Austin,75
2014,Lavaca,8-San Antonio,30
2014,Lee,7-Austin,57
2014,Leon,7-Austin,52
2014,Liberty,6-Houston,273
2014,Limestone,7-Austin,50
2014,Lipscomb,1-Lubbock,2
2014,Live Oak,11-Edinburg,58
2014,Llano,7-Austin,61
2014,Lubbock,1-Lubbock,920
2014,Lynn,1-Lubbock,15
2014,Madison,7-Austin,23
2014,Marion,4-Tyler,22
2014,Martin,9-Midland,1
2014,Mason,9-Midland,1
2014,Matagorda,6-Houston,56
2014,Maverick,8-San Antonio,28
2014,McCulloch,9-Midland,23
2014,McLennan,7-Austin,702
2014,McMullen,11-Edinburg,4
2014,Medina,8-San Antonio,197
2014,Menard,9-Midland,5
2014,Midland,9-Midland,187
2014,Milam,7-Austin,110
2014,Mills,7-Austin,12
2014,Mitchell,2-Abilene,6
2014,Montague,2-Abilene,64
2014,Montgomery,6-Houston,668
2014,Moore,1-Lubbock,25
2014,Morris,4-Tyler,21
2014,Motley,1-Lubbock,2
2014,Nacogdoches,5-Beaumont,184
2014,Navarro,3-Arlington,97
2014,Newton,5-Beaumont,22
2014,Nolan,2-Abilene,46
2014,Nueces,11-Edinburg,471
2014,Ochiltree,1-Lubbock,9
2014,Oldham,1-Lubbock,1
2014,Orange,5-Beaumont,225
2014,Palo Pinto,3-Arlington,215
2014,Panola,4-Tyler,34
2014,Parker,3-Arlington,283
2014,Parmer,1-Lubbock,3
2014,Pecos,9-Midland,27
2014,Polk,5-Beaumont,128
2014,Potter,1-Lubbock,435
2014,Presidio,10-El Paso,9
2014,Rains,4-Tyler,22
2014,Randall,1-Lubbock,280
2014,Reagan,9-Midland,2
2014,Real,8-San Antonio,20
2014,Red River,4-Tyler,33
2014,Reeves,9-Midland,17
2014,Refugio,11-Edinburg,16
2014,Robertson,7-Austin,27
2014,Rockwall,3-Arlington,37
2014,Runnels,2-Abilene,37
2014,Rusk,4-Tyler,159
2014,Sabine,5-Beaumont,9
2014,San Augustine,5-Beaumont,11
2014,San Jacinto,5-Beaumont,49
2014,San Patricio,11-Edinburg,165
2014,San Saba,7-Austin,36
2014,Schleicher,9-Midland,13
2014,Scurry,2-Abilene,28
2014,Shackelford,2-Abilene,1
2014,Shelby,5-Beaumont,66
2014,Sherman,1-Lubbock,1
2014,Smith,4-Tyler,485
2014,Somervell,3-Arlington,16
2014,Starr,11-Edinburg,106
2014,Stephens,2-Abilene,21
2014,Sterling,9-Midland,4
2014,Stonewall,2-Abilene,1
2014,Sutton,9-Midland,5
2014,Swisher,1-Lubbock,23
2014,Tarrant,3-Arlington,2104
2014,Taylor,2-Abilene,361
2014,Terry,1-Lubbock,78
2014,Titus,4-Tyler,47
2014,Tom Green,9-Midland,589
2014,Travis,7-Austin,1617
2014,Trinity,5-Beaumont,41
2014,Tyler,5-Beaumont,30
2014,Upshur,4-Tyler,84
2014,Upton,9-Midland,8
2014,Uvalde,8-San Antonio,84
2014,Val Verde,8-San Antonio,54
2014,Van Zandt,4-Tyler,191
2014,Victoria,8-San Antonio,255
2014,Walker,6-Houston,89
2014,Waller,6-Houston,65
2014,Ward,9-Midland,22
2014,Washington,7-Austin,64
2014,Webb,11-Edinburg,697
2014,Wharton,6-Houston,36
2014,Wheeler,1-Lubbock,11
2014,Wichita,2-Abilene,310
2014,Wilbarger,2-Abilene,21
2014,Willacy,11-Edinburg,83
2014,Williamson,7-Austin,440
2014,Wilson,8-San Antonio,111
2014,Winkler,9-Midland,8
2014,Wise,3-Arlington,154
2014,Wood,4-Tyler,164
2014,Yoakum,1-Lubbock,15
2014,Young,2-Abilene,34
2014,Zapata,11-Edinburg,47
2014,Zavala,8-San Antonio,47
2013,Anderson,4-Tyler,118
2013,Andrews,9-Midland,47
2013,Angelina,5-Beaumont,111
2013,Aransas,11-Edinburg,100
2013,Archer,2-Abilene,7
2013,Armstrong,1-Lubbock,7
2013,Atascosa,8-San Antonio,254
2013,Austin,6-Houston,31
2013,Bailey,1-Lubbock,25
2013,Bandera,8-San Antonio,65
2013,Bastrop,7-Austin,268
2013,Baylor,2-Abilene,4
2013,Bee,11-Edinburg,135
2013,Bell,7-Austin,1025
2013,Bexar,8-San Antonio,5571
2013,Blanco,7-Austin,5
2013,Borden,9-Midland,8
2013,Bosque,7-Austin,43
2013,Bowie,4-Tyler,225
2013,Brazoria,6-Houston,269
2013,Brazos,7-Austin,196
2013,Brewster,10-El Paso,2
2013,Briscoe,1-Lubbock,2
2013,Brooks,11-Edinburg,33
2013,Brown,2-Abilene,136
2013,Burleson,7-Austin,49
2013,Burnet,7-Austin,139
2013,Caldwell,7-Austin,127
2013,Calhoun,8-San Antonio,22
2013,Callahan,2-Abilene,15
2013,Cameron,11-Edinburg,533
2013,Camp,4-Tyler,60
2013,Carson,1-Lubbock,6
2013,Cass,4-Tyler,78
2013,Castro,1-Lubbock,36
2013,Chambers,6-Houston,63
2013,Cherokee,4-Tyler,189
2013,Childress,1-Lubbock,18
2013,Clay,2-Abilene,12
2013,Cochran,1-Lubbock,7
2013,Coke,9-Midland,10
2013,Coleman,2-Abilene,37
2013,Collin,3-Arlington,468
2013,Collingsworth,1-Lubbock,5
2013,Colorado,6-Houston,25
2013,Comal,8-San Antonio,243
2013,Comanche,2-Abilene,35
2013,Concho,9-Midland,6
2013,Cooke,3-Arlington,130
2013,Coryell,7-Austin,200
2013,Crane,9-Midland,5
2013,Crockett,9-Midland,4
2013,Crosby,1-Lubbock,16
2013,Culberson,10-El Paso,6
2013,Dallam,1-Lubbock,12
2013,Dallas,3-Arlington,4049
2013,Dawson,9-Midland,75
2013,DeWitt,8-San Antonio,57
2013,Deaf Smith,1-Lubbock,56
2013,Delta,4-Tyler,12
2013,Denton,3-Arlington,636
2013,Dickens,1-Lubbock,8
2013,Dimmit,8-San Antonio,74
2013,Donley,1-Lubbock,11
2013,Duval,11-Edinburg,26
2013,Eastland,2-Abilene,44
2013,Ector,9-Midland,469
2013,Edwards,8-San Antonio,14
2013,El Paso,10-El Paso,831
2013,Ellis,3-Arlington,75
2013,Erath,3-Arlington,57
2013,Falls,7-Austin,33
2013,Fannin,3-Arlington,25
2013,Fayette,7-Austin,77
2013,Fisher,2-Abilene,6
2013,Floyd,1-Lubbock,49
2013,Foard,2-Abilene,2
2013,Fort Bend,6-Houston,226
2013,Franklin,4-Tyler,30
2013,Freestone,7-Austin,27
2013,Frio,8-San Antonio,105
2013,Gaines,9-Midland,27
2013,Galveston,6-Houston,300
2013,Garza,1-Lubbock,37
2013,Gillespie,8-San Antonio,51
2013,Goliad,8-San Antonio,2
2013,Gonzales,8-San Antonio,38
2013,Gray,1-Lubbock,104
2013,Grayson,3-Arlington,200
2013,Gregg,4-Tyler,333
2013,Grimes,7-Austin,47
2013,Guadalupe,8-San Antonio,215
2013,Hale,1-Lubbock,121
2013,Hall,1-Lubbock,18
2013,Hamilton,7-Austin,20
2013,Hansford,1-Lubbock,6
2013,Hardeman,2-Abilene,12
2013,Hardin,5-Beaumont,51
2013,Harris,6-Houston,6846
2013,Harrison,4-Tyler,133
2013,Haskell,2-Abilene,10
2013,Hays,7-Austin,183
2013,Hemphill,1-Lubbock,10
2013,Henderson,4-Tyler,233
2013,Hidalgo,11-Edinburg,1214
2013,Hill,7-Austin,83
2013,Hockley,1-Lubbock,105
2013,Hood,3-Arlington,134
2013,Hopkins,4-Tyler,71
2013,Houston,5-Beaumont,64
2013,Howard,9-Midland,173
2013,Hudspeth,10-El Paso,1
2013,Hunt,3-Arlington,245
2013,Hutchinson,1-Lubbock,54
2013,Irion,9-Midland,1
2013,Jack,2-Abilene,19
2013,Jackson,8-San Antonio,14
2013,Jasper,5-Beaumont,51
2013,Jefferson,5-Beaumont,384
2013,Jim Hogg,11-Edinburg,25
2013,Jim Wells,11-Edinburg,125
2013,Johnson,3-Arlington,396
2013,Jones,2-Abilene,27
2013,Karnes,8-San Antonio,51
2013,Kaufman,3-Arlington,121
2013,Kendall,8-San Antonio,36
2013,Kenedy,11-Edinburg,1
2013,Kent,2-Abilene,4
2013,Kerr,8-San Antonio,155
2013,Kimble,9-Midland,27
2013,Kinney,8-San Antonio,5
2013,Kleberg,11-Edinburg,71
2013,Knox,2-Abilene,9
2013,La Salle,8-San Antonio,36
2013,Lamar,4-Tyler,101
2013,Lamb,1-Lubbock,29
2013,Lampasas,7-Austin,69
2013,Lavaca,8-San Antonio,41
2013,Lee,7-Austin,69
2013,Leon,7-Austin,36
2013,Liberty,6-Houston,313
2013,Limestone,7-Austin,40
2013,Lipscomb,1-Lubbock,7
2013,Live Oak,11-Edinburg,38
2013,Llano,7-Austin,63
2013,Lubbock,1-Lubbock,883
2013,Lynn,1-Lubbock,8
2013,Madison,7-Austin,30
2013,Marion,4-Tyler,25
2013,Martin,9-Midland,2
2013,Mason,9-Midland,1
2013,Matagorda,6-Houston,46
2013,Maverick,8-San Antonio,27
2013,McCulloch,9-Midland,25
2013,McLennan,7-Austin,564
2013,McMullen,11-Edinburg,2
2013,Medina,8-San Antonio,190
2013,Menard,9-Midland,8
2013,Midland,9-Midland,214
2013,Milam,7-Austin,109
2013,Mills,7-Austin,14
2013,Mitchell,2-Abilene,11
2013,Montague,2-Abilene,84
2013,Montgomery,6-Houston,796
2013,Moore,1-Lubbock,33
2013,Morris,4-Tyler,21
2013,Motley,1-Lubbock,3
2013,Nacogdoches,5-Beaumont,205
2013,Navarro,3-Arlington,107
2013,Newton,5-Beaumont,26
2013,Nolan,2-Abilene,61
2013,Nueces,11-Edinburg,440
2013,Ochiltree,1-Lubbock,11
2013,Oldham,1-Lubbock,1
2013,Orange,5-Beaumont,212
2013,Palo Pinto,3-Arlington,133
2013,Panola,4-Tyler,22
2013,Parker,3-Arlington,193
2013,Parmer,1-Lubbock,3
2013,Pecos,9-Midland,22
2013,Polk,5-Beaumont,123
2013,Potter,1-Lubbock,361
2013,Presidio,10-El Paso,9
2013,Rains,4-Tyler,14
2013,Randall,1-Lubbock,369
2013,Reagan,9-Midland,1
2013,Real,8-San Antonio,19
2013,Red River,4-Tyler,28
2013,Reeves,9-Midland,14
2013,Refugio,11-Edinburg,9
2013,Robertson,7-Austin,40
2013,Rockwall,3-Arlington,46
2013,Runnels,2-Abilene,34
2013,Rusk,4-Tyler,117
2013,Sabine,5-Beaumont,7
2013,San Augustine,5-Beaumont,13
2013,San Jacinto,5-Beaumont,74
2013,San Patricio,11-Edinburg,137
2013,San Saba,7-Austin,8
2013,Schleicher,9-Midland,13
2013,Scurry,2-Abilene,32
2013,Shelby,5-Beaumont,82
2013,Sherman,1-Lubbock,1
2013,Smith,4-Tyler,501
2013,Somervell,3-Arlington,19
2013,Starr,11-Edinburg,132
2013,Stephens,2-Abilene,20
2013,Sterling,9-Midland,5
2013,Stonewall,2-Abilene,2
2013,Sutton,9-Midland,9
2013,Swisher,1-Lubbock,10
2013,Tarrant,3-Arlington,2227
2013,Taylor,2-Abilene,343
2013,Terry,1-Lubbock,68
2013,Throckmorton,2-Abilene,5
2013,Titus,4-Tyler,56
2013,Tom Green,9-Midland,566
2013,Travis,7-Austin,1607
2013,Trinity,5-Beaumont,47
2013,Tyler,5-Beaumont,30
2013,Upshur,4-Tyler,82
2013,Upton,9-Midland,7
2013,Uvalde,8-San Antonio,88
2013,Val Verde,8-San Antonio,57
2013,Van Zandt,4-Tyler,152
2013,Victoria,8-San Antonio,252
2013,Walker,6-Houston,99
2013,Waller,6-Houston,79
2013,Ward,9-Midland,6
2013,Washington,7-Austin,61
2013,Webb,11-Edinburg,755
2013,Wharton,6-Houston,50
2013,Wheeler,1-Lubbock,9
2013,Wichita,2-Abilene,289
2013,Wilbarger,2-Abilene,21
2013,Willacy,11-Edinburg,76
2013,Williamson,7-Austin,431
2013,Wilson,8-San Antonio,119
2013,Winkler,9-Midland,8
2013,Wise,3-Arlington,150
2013,Wood,4-Tyler,153
2013,Yoakum,1-Lubbock,12
2013,Young,2-Abilene,52
2013,Zapata,11-Edinburg,44
2013,Zavala,8-San Antonio,45
2012,Anderson,4-Tyler,158
2012,Andrews,9-Midland,48
2012,Angelina,5-Beaumont,113
2012,Aransas,11-Edinburg,115
2012,Armstrong,1-Lubbock,5
2012,Atascosa,8-San Antonio,210
2012,Austin,6-Houston,20
2012,Bailey,1-Lubbock,33
2012,Bandera,8-San Antonio,63
2012,Bastrop,7-Austin,222
2012,Baylor,2-Abilene,4
2012,Bee,11-Edinburg,131
2012,Bell,7-Austin,925
2012,Bexar,8-San Antonio,5761
2012,Blanco,7-Austin,7
2012,Borden,9-Midland,3
2012,Bosque,7-Austin,40
2012,Bowie,4-Tyler,209
2012,Brazoria,6-Houston,302
2012,Brazos,7-Austin,217
2012,Brewster,10-El Paso,5
2012,Briscoe,1-Lubbock,2
2012,Brooks,11-Edinburg,32
2012,Brown,2-Abilene,150
2012,Burleson,7-Austin,43
2012,Burnet,7-Austin,110
2012,Caldwell,7-Austin,135
2012,Calhoun,8-San Antonio,20
2012,Callahan,2-Abilene,25
2012,Cameron,11-Edinburg,476
2012,Camp,4-Tyler,46
2012,Carson,1-Lubbock,11
2012,Cass,4-Tyler,61
2012,Castro,1-Lubbock,31
2012,Chambers,6-Houston,75
2012,Cherokee,4-Tyler,207
2012,Childress,1-Lubbock,24
2012,Clay,2-Abilene,9
2012,Cochran,1-Lubbock,7
2012,Coke,9-Midland,12
2012,Coleman,2-Abilene,36
2012,Collin,3-Arlington,429
2012,Collingsworth,1-Lubbock,11
2012,Colorado,6-Houston,27
2012,Comal,8-San Antonio,218
2012,Comanche,2-Abilene,24
2012,Concho,9-Midland,6
2012,Cooke,3-Arlington,87
2012,Coryell,7-Austin,217
2012,Crane,9-Midland,2
2012,Crockett,9-Midland,7
2012,Crosby,1-Lubbock,16
2012,Dallam,1-Lubbock,11
2012,Dallas,3-Arlington,3948
2012,Dawson,9-Midland,33
2012,DeWitt,8-San Antonio,48
2012,Deaf Smith,1-Lubbock,55
2012,Delta,4-Tyler,14
2012,Denton,3-Arlington,684
2012,Dickens,1-Lubbock,10
2012,Dimmit,8-San Antonio,80
2012,Donley,1-Lubbock,14
2012,Duval,11-Edinburg,29
2012,Eastland,2-Abilene,49
2012,Ector,9-Midland,446
2012,Edwards,8-San Antonio,16
2012,El Paso,10-El Paso,814
2012,Ellis,3-Arlington,75
2012,Erath,3-Arlington,62
2012,Falls,7-Austin,25
2012,Fannin,3-Arlington,30
2012,Fayette,7-Austin,82
2012,Fisher,2-Abilene,6
2012,Floyd,1-Lubbock,39
2012,Fort Bend,6-Houston,238
2012,Franklin,4-Tyler,11
2012,Freestone,7-Austin,28
2012,Frio,8-San Antonio,100
2012,Gaines,9-Midland,35
2012,Galveston,6-Houston,327
2012,Garza,1-Lubbock,20
2012,Gillespie,8-San Antonio,56
2012,Goliad,8-San Antonio,6
2012,Gonzales,8-San Antonio,26
2012,Gray,1-Lubbock,138
2012,Grayson,3-Arlington,146
2012,Gregg,4-Tyler,279
2012,Grimes,7-Austin,43
2012,Guadalupe,8-San Antonio,250
2012,Hale,1-Lubbock,130
2012,Hall,1-Lubbock,15
2012,Hamilton,7-Austin,18
2012,Hansford,1-Lubbock,4
2012,Hardeman,2-Abilene,9
2012,Hardin,5-Beaumont,51
2012,Harris,6-Houston,7420
2012,Harrison,4-Tyler,130
2012,Haskell,2-Abilene,8
2012,Hays,7-Austin,177
2012,Hemphill,1-Lubbock,6
2012,Henderson,4-Tyler,248
2012,Hidalgo,11-Edinburg,1313
2012,Hill,7-Austin,74
2012,Hockley,1-Lubbock,103
2012,Hood,3-Arlington,114
2012,Hopkins,4-Tyler,63
2012,Houston,5-Beaumont,60
2012,Howard,9-Midland,111
2012,Hudspeth,10-El Paso,4
2012,Hunt,3-Arlington,251
2012,Hutchinson,1-Lubbock,65
2012,Irion,9-Midland,5
2012,Jack,2-Abilene,17
2012,Jackson,8-San Antonio,3
2012,Jasper,5-Beaumont,42
2012,Jefferson,5-Beaumont,403
2012,Jim Hogg,11-Edinburg,25
2012,Jim Wells,11-Edinburg,131
2012,Johnson,3-Arlington,396
2012,Jones,2-Abilene,11
2012,Karnes,8-San Antonio,42
2012,Kaufman,3-Arlington,136
2012,Kendall,8-San Antonio,51
2012,Kent,2-Abilene,4
2012,Kerr,8-San Antonio,207
2012,Kimble,9-Midland,17
2012,Kinney,8-San Antonio,5
2012,Kleberg,11-Edinburg,85
2012,Knox,2-Abilene,10
2012,La Salle,8-San Antonio,27
2012,Lamar,4-Tyler,118
2012,Lamb,1-Lubbock,33
2012,Lampasas,7-Austin,70
2012,Lavaca,8-San Antonio,27
2012,Lee,7-Austin,71
2012,Leon,7-Austin,29
2012,Liberty,6-Houston,275
2012,Limestone,7-Austin,59
2012,Lipscomb,1-Lubbock,8
2012,Live Oak,11-Edinburg,29
2012,Llano,7-Austin,57
2012,Lubbock,1-Lubbock,899
2012,Lynn,1-Lubbock,8
2012,Madison,7-Austin,46
2012,Marion,4-Tyler,23
2012,Martin,9-Midland,2
2012,Mason,9-Midland,5
2012,Matagorda,6-Houston,52
2012,Maverick,8-San Antonio,29
2012,McCulloch,9-Midland,20
2012,McLennan,7-Austin,515
2012,McMullen,11-Edinburg,3
2012,Medina,8-San Antonio,215
2012,Menard,9-Midland,12
2012,Midland,9-Midland,220
2012,Milam,7-Austin,101
2012,Mills,7-Austin,9
2012,Mitchell,2-Abilene,16
2012,Montague,2-Abilene,116
2012,Montgomery,6-Houston,870
2012,Moore,1-Lubbock,44
2012,Morris,4-Tyler,16
2012,Motley,1-Lubbock,2
2012,Nacogdoches,5-Beaumont,201
2012,Navarro,3-Arlington,107
2012,Newton,5-Beaumont,27
2012,Nolan,2-Abilene,82
2012,Nueces,11-Edinburg,681
2012,Ochiltree,1-Lubbock,15
2012,Oldham,1-Lubbock,2
2012,Orange,5-Beaumont,217
2012,Out of State,Out of State,2
2012,Palo Pinto,3-Arlington,112
2012,Panola,4-Tyler,32
2012,Parker,3-Arlington,98
2012,Parmer,1-Lubbock,4
2012,Pecos,9-Midland,34
2012,Polk,5-Beaumont,117
2012,Potter,1-Lubbock,372
2012,Presidio,10-El Paso,14
2012,Rains,4-Tyler,20
2012,Randall,1-Lubbock,466
2012,Reagan,9-Midland,4
2012,Real,8-San Antonio,9
2012,Red River,4-Tyler,34
2012,Reeves,9-Midland,8
2012,Refugio,11-Edinburg,6
2012,Robertson,7-Austin,40
2012,Rockwall,3-Arlington,48
2012,Runnels,2-Abilene,36
2012,Rusk,4-Tyler,108
2012,Sabine,5-Beaumont,11
2012,San Augustine,5-Beaumont,7
2012,San Jacinto,5-Beaumont,82
2012,San Patricio,11-Edinburg,111
2012,San Saba,7-Austin,14
2012,Schleicher,9-Midland,5
2012,Scurry,2-Abilene,28
2012,Shelby,5-Beaumont,73
2012,Sherman,1-Lubbock,1
2012,Smith,4-Tyler,463
2012,Somervell,3-Arlington,12
2012,Starr,11-Edinburg,132
2012,Stephens,2-Abilene,8
2012,Sutton,9-Midland,6
2012,Swisher,1-Lubbock,24
2012,Tarrant,3-Arlington,2140
2012,Taylor,2-Abilene,331
2012,Terry,1-Lubbock,70
2012,Throckmorton,2-Abilene,1
2012,Titus,4-Tyler,61
2012,Tom Green,9-Midland,557
2012,Travis,7-Austin,1584
2012,Trinity,5-Beaumont,60
2012,Tyler,5-Beaumont,21
2012,Upshur,4-Tyler,53
2012,Upton,9-Midland,9
2012,Uvalde,8-San Antonio,105
2012,Val Verde,8-San Antonio,46
2012,Van Zandt,4-Tyler,160
2012,Victoria,8-San Antonio,227
2012,Walker,6-Houston,92
2012,Waller,6-Houston,84
2012,Ward,9-Midland,8
2012,Washington,7-Austin,51
2012,Webb,11-Edinburg,709
2012,Wharton,6-Houston,69
2012,Wheeler,1-Lubbock,14
2012,Wichita,2-Abilene,298
2012,Wilbarger,2-Abilene,29
2012,Willacy,11-Edinburg,56
2012,Williamson,7-Austin,504
2012,Wilson,8-San Antonio,88
2012,Winkler,9-Midland,7
2012,Wise,3-Arlington,119
2012,Wood,4-Tyler,132
2012,Yoakum,1-Lubbock,10
2012,Young,2-Abilene,53
2012,Zapata,11-Edinburg,54
2012,Zavala,8-San Antonio,52
